timestamp,open,high,low,close,volume,tweet_content,retweet_count,quote_count,like_count,tweet,price_change,max_price_change,time_gap
2020-12-20 09:15:00,0.0039508,0.0039517,0.003946,0.0039474,459110.0,,,,,,-0.0008605851979345341,5.699999999999976e-06,
2020-12-20 09:16:00,0.0039532,0.00396,0.0039532,0.00396,697575.0,,,,,,0.001720125467975408,6.800000000000382e-06,
2020-12-20 09:17:00,0.0039566,0.003959,0.0039566,0.003959,17092.0,,,,,,0.0006065814082797413,2.3999999999996247e-06,
2020-12-20 09:18:00,0.0039562,0.0039598,0.0039562,0.0039598,102000.0,,,,,,0.000909964106971413,3.6000000000003043e-06,
2020-12-20 09:19:00,0.0039541,0.0039547,0.0039424,0.00395,4610257.0,,,,,,-0.001036898409246083,1.2299999999999811e-05,
2020-12-20 09:20:00,0.003947,0.00395,0.003947,0.00395,509115.0,,,,,,0.0007600709399544967,3.000000000000398e-06,
2020-12-20 09:21:00,0.0039489,0.0039536,0.0039489,0.0039536,52172.0,,,,,,0.0011902048671781618,4.699999999999843e-06,
2020-12-20 09:22:00,0.0039536,0.0039567,0.003953,0.003956,82114.0,,,,,,0.0006070416835290602,3.6999999999997105e-06,
2020-12-20 09:23:00,0.003955,0.003955,0.0039526,0.0039533,128235.0,,,,,,-0.0004298356510746681,2.400000000000492e-06,
2020-12-20 09:24:00,0.0039579,0.0039579,0.0039533,0.0039533,10503.0,,,,,,-0.0011622324970313642,4.600000000000437e-06,
2020-12-20 09:25:00,0.0039536,0.0039542,0.0039536,0.0039542,271369.0,,,,,,0.00015176042088221018,5.999999999999062e-07,
2020-12-20 09:26:00,0.003952,0.0039533,0.0039456,0.0039533,626485.0,,,,,,0.00032894736842107436,7.700000000000241e-06,
2020-12-20 09:27:00,0.0039474,0.0039506,0.0039467,0.0039467,462707.0,,,,,,-0.0001773319146780614,3.9000000000002574e-06,
2020-12-20 09:28:00,0.0039472,0.0039472,0.0039468,0.0039468,37553.0,,,,,,-0.00010133765707320613,3.999999999993592e-07,
2020-12-20 09:29:00,0.0039509,0.0039509,0.0039509,0.0039509,17525.0,,,,,,0.0,0.0,
2020-12-20 09:30:00,0.0039523,0.0040265,0.0039523,0.004026,40188468.0,One word: Doge,25100.0,6885.0,216700.0,True,0.018647369885889314,7.419999999999996e-05,
2020-12-20 09:31:00,0.0040161,0.004168,0.0040068,0.0041507,70036706.0,,,,,,0.03351510171559482,0.00016120000000000023,
2020-12-20 09:32:00,0.0041679,0.0042067,0.0040403,0.0041403,140589906.0,,,,,,-0.00662203987619665,0.0001663999999999997,
2020-12-20 09:33:00,0.004145,0.004281,0.0041402,0.0042612,94414133.0,,,,,,0.028033775633292995,0.00014079999999999995,
2020-12-20 09:34:00,0.0042578,0.0042697,0.0042063,0.0042557,58539311.0,,,,,,-0.0004932124571374117,6.340000000000078e-05,
2020-12-20 09:35:00,0.0042575,0.0043382,0.004255,0.0042825,114560957.0,,,,,,0.005871990604814996,8.320000000000029e-05,
2020-12-20 09:36:00,0.0042825,0.0043688,0.0042435,0.0043142,107711370.0,,,,,,0.007402218330414468,0.00012530000000000006,
2020-12-20 09:37:00,0.004323,0.00448,0.0042775,0.0044221,112502789.0,,,,,,0.022923895442979507,0.00020249999999999956,
2020-12-20 09:38:00,0.0044424,0.0045,0.004362,0.0043773,100826626.0,,,,,,-0.014654240950837435,0.00013799999999999923,
2020-12-20 09:39:00,0.004384,0.0045,0.0043726,0.0044997,77095903.0,,,,,,0.026391423357664194,0.00012739999999999974,
2020-12-20 09:40:00,0.0044948,0.004605,0.0044623,0.0045501,140574442.0,,,,,,0.012303105811159438,0.00014269999999999994,
2020-12-20 09:41:00,0.0045569,0.0045846,0.004427,0.0044463,90434367.0,,,,,,-0.02427088590928038,0.00015759999999999993,
2020-12-20 09:42:00,0.0044453,0.0044502,0.0043601,0.0044233,91602324.0,,,,,,-0.004949047308393206,9.009999999999921e-05,
2020-12-20 09:43:00,0.0044295,0.0044902,0.0043953,0.0044575,58372300.0,,,,,,0.0063212552206793945,9.489999999999933e-05,
2020-12-20 09:44:00,0.0044601,0.0044991,0.0044263,0.0044527,43267159.0,,,,,,-0.0016591556243132264,7.27999999999996e-05,
2021-02-04 07:20:00,0.0404695,0.0405793,0.040459,0.0405012,4974031.0,,,,,,,0.0001202999999999968,True
2021-02-04 07:21:00,0.0405009,0.0405699,0.0404,0.040547,5762183.0,,,,,,0.0011382463105758219,0.0001699000000000006,
2021-02-04 07:22:00,0.040547,0.0409,0.0405031,0.0407131,7835326.0,,,,,,0.004096480627420089,0.00039689999999999864,
2021-02-04 07:23:00,0.0407132,0.0409,0.0406244,0.040799,7442116.0,,,,,,0.0021074246190425695,0.00027560000000000084,
2021-02-04 07:24:00,0.0407755,0.0407755,0.0404836,0.0405346,5923620.0,,,,,,-0.00590795943642634,0.0002918999999999977,
2021-02-04 07:25:00,0.0405744,0.0408048,0.0405574,0.0407795,5349309.0,,,,,,0.0050549114712726915,0.0002474000000000018,
2021-02-04 07:26:00,0.0407722,0.041,0.0407695,0.0409382,8729450.0,,,,,,0.004071401592261381,0.00023050000000000154,
2021-02-04 07:27:00,0.04095,0.0409882,0.0406244,0.0406417,8700653.0,,,,,,-0.007528693528693467,0.0003638000000000044,
2021-02-04 07:28:00,0.0406503,0.0408926,0.0405039,0.0408085,12439090.0,,,,,,0.003891730196333046,0.00038869999999999877,
2021-02-04 07:29:00,0.0408327,0.0408334,0.0406428,0.0407499,4319420.0,,,,,,-0.0020277865534241166,0.0001905999999999991,
2021-02-04 07:30:00,0.0407472,0.0408983,0.0407283,0.0408601,5073769.0,,,,,,0.0027707425295481914,0.00016999999999999654,
2021-02-04 07:31:00,0.0408601,0.041,0.0407551,0.0408344,11206375.0,,,,,,-0.0006289754552730781,0.0002448999999999993,
2021-02-04 07:32:00,0.040834,0.0409594,0.0408093,0.0409594,4205332.0,,,,,,0.0030709702698730893,0.00015010000000000023,
2021-02-04 07:33:00,0.0409594,0.0410996,0.0409287,0.041,12272429.0,,,,,,0.0009912254574042038,0.0001709000000000016,
2021-02-04 07:34:00,0.041,0.041044,0.0409221,0.0410273,3928546.0,,,,,,0.0006658536585366082,0.00012189999999999424,
2021-02-04 07:35:00,0.0410274,0.04141,0.041,0.0413228,13295531.0,Doge,43900.0,7704.0,254700.0,True,0.00720006629715754,0.00041000000000000064,
2021-02-04 07:36:00,0.0413228,0.0422581,0.0413228,0.0422526,63428970.0,,,,,,0.022500895389470255,0.0009353,
2021-02-04 07:37:00,0.0421463,0.0432,0.041788,0.0427609,114729604.0,,,,,,0.014582537494394523,0.0014120000000000035,
2021-02-04 07:38:00,0.0428342,0.043776,0.0426631,0.0437429,91497841.0,,,,,,0.0212143567523147,0.0011129,
2021-02-04 07:39:00,0.0437429,0.0448466,0.043634,0.0445,145068457.0,,,,,,0.01730795169044569,0.0012126000000000012,
2021-02-04 07:40:00,0.0445,0.0446552,0.0434511,0.044027,118670398.0,,,,,,-0.010629213483146095,0.0012040999999999996,
2021-02-04 07:41:00,0.0440267,0.045,0.043933,0.0448003,125145423.0,,,,,,0.017571155685072906,0.0010669999999999985,
2021-02-04 07:42:00,0.0448,0.0458028,0.0446304,0.0455447,139307209.0,,,,,,0.016622767857142878,0.001172399999999997,
2021-02-04 07:43:00,0.0455447,0.0468956,0.0453738,0.0468881,126479914.0,,,,,,0.029496297044442087,0.0015218000000000037,
2021-02-04 07:44:00,0.0468292,0.0468957,0.0457612,0.0468275,109227946.0,,,,,,-3.63021362739554e-05,0.0011344999999999966,
2021-02-04 07:45:00,0.0467352,0.048188,0.0467352,0.0475474,176718255.0,,,,,,0.017378763758366264,0.001452800000000004,
2021-02-04 07:46:00,0.0475475,0.04843,0.0472341,0.0479007,157313341.0,,,,,,0.007428361112571596,0.0011958999999999997,
2021-02-04 07:47:00,0.0479004,0.04965,0.0478307,0.0496159,209401495.0,,,,,,0.03581389716996089,0.0018193000000000029,
2021-02-04 07:48:00,0.0496157,0.051904,0.0491772,0.051904,240383004.0,,,,,,0.046120482024842945,0.0027268000000000014,
2021-02-04 07:49:00,0.0519037,0.0520985,0.04633,0.0468156,410500810.0,,,,,,-0.09802962023901954,0.005768499999999996,
2021-02-04 08:00:00,0.0510032,0.055,0.0507489,0.055,315069004.0,,,,,,,0.004251100000000001,True
2021-02-04 08:01:00,0.055,0.0559268,0.0521878,0.0547178,291221512.0,,,,,,-0.00513090909090915,0.0037389999999999993,
2021-02-04 08:02:00,0.0547129,0.0564843,0.0535,0.0545733,274791637.0,,,,,,-0.0025515006515831476,0.0029843000000000022,
2021-02-04 08:03:00,0.0545719,0.0568888,0.0540469,0.0568887,211104436.0,,,,,,0.04245408351184402,0.0028419000000000014,
2021-02-04 08:04:00,0.0568887,0.0588,0.0556603,0.0584,299758315.0,,,,,,0.026565908519618132,0.0031396999999999953,
2021-02-04 08:05:00,0.0583996,0.0585,0.0547,0.0583931,244123336.0,,,,,,-0.00011130213220637746,0.0038000000000000048,
2021-02-04 08:06:00,0.0583931,0.059,0.057,0.059,182623858.0,,,,,,0.010393351269242316,0.001999999999999995,
2021-02-04 08:07:00,0.059,0.059,0.057,0.0573693,180423603.0,,,,,,-0.02763898305084744,0.001999999999999995,
2021-02-04 08:08:00,0.0572652,0.0578381,0.05354,0.05498,264977915.0,,,,,,-0.03990556219134834,0.004298100000000006,
2021-02-04 08:09:00,0.0548734,0.055,0.0511779,0.0522562,327841642.0,,,,,,-0.047695240316801946,0.003822100000000002,
2021-02-04 08:10:00,0.0522562,0.0546905,0.0515906,0.0540025,229977413.0,,,,,,0.033418044174662515,0.0030999000000000027,
2021-02-04 08:11:00,0.054011,0.057,0.0539279,0.0562141,221379358.0,,,,,,0.040789839106848594,0.0030721000000000012,
2021-02-04 08:12:00,0.0562141,0.0562448,0.0538298,0.0541821,140090145.0,,,,,,-0.03614751459153497,0.0024150000000000005,
2021-02-04 08:13:00,0.0541857,0.0548832,0.05333,0.0546064,114753378.0,,,,,,0.007764041066185286,0.0015531999999999976,
2021-02-04 08:14:00,0.0546064,0.0565,0.0546064,0.0556264,174508479.0,,,,,,0.018679129186322484,0.0018936000000000022,
2021-02-04 08:15:00,0.0556879,0.0557532,0.054,0.0552477,112735102.0,Dogecoin is the peoples crypto,99900.0,13600.0,541100.0,True,-0.007904769258672022,0.0017532000000000034,
2021-02-04 08:16:00,0.055159,0.0593358,0.0551326,0.0581859,343667310.0,,,,,,0.05487590420420963,0.004203200000000004,
2021-02-04 08:17:00,0.0580805,0.0598,0.057668,0.0578269,213162434.0,,,,,,-0.004366353595440805,0.002132000000000002,
2021-02-04 08:18:00,0.0578269,0.0594002,0.0561899,0.0593998,188722171.0,,,,,,0.02720014387767634,0.0032102999999999993,
2021-02-04 08:19:00,0.0593829,0.0594001,0.0582,0.058854,136778067.0,,,,,,-0.008906604426526925,0.0012000999999999956,
2021-02-04 08:20:00,0.058854,0.0591,0.0580402,0.0588563,155215998.0,,,,,,3.90797566860993e-05,0.0010597999999999996,
2021-02-04 08:21:00,0.0588563,0.059336,0.0585,0.0585003,125058001.0,,,,,,-0.006048630308055419,0.0008359999999999965,
2021-02-04 08:22:00,0.0586383,0.0586383,0.0561001,0.0572352,167107120.0,,,,,,-0.023928047027284172,0.0025381999999999974,
2021-02-04 08:23:00,0.0572804,0.0587972,0.057,0.0580827,124323227.0,,,,,,0.014006536267204817,0.0017971999999999988,
2021-02-04 08:24:00,0.0580846,0.059,0.0575,0.0579907,129731600.0,,,,,,-0.0016166075000947054,0.0014999999999999944,
2021-02-04 08:25:00,0.0579063,0.0581,0.057,0.0570813,90935144.0,,,,,,-0.014247154454696627,0.0010999999999999968,
2021-02-04 08:26:00,0.0570004,0.0570945,0.0543383,0.0557958,198964790.0,,,,,,-0.021133185030280492,0.0027562000000000003,
2021-02-04 08:27:00,0.0557956,0.0586496,0.0556,0.0584161,170219058.0,"No highs, no lows, only Doge",109300.0,11300.0,755200.0,True,0.04696606900902576,0.0030496000000000065,
2021-02-04 08:28:00,0.058499,0.0591,0.0576635,0.0576667,179689611.0,,,,,,-0.014227593634079234,0.0014365000000000003,
2021-02-04 08:29:00,0.0576667,0.0583983,0.0573292,0.05759,115773238.0,,,,,,-0.0013300570346490954,0.0010691000000000034,
2021-02-04 08:30:00,0.0577367,0.05799,0.056352,0.0573143,111760887.0,,,,,,-0.007315970604485592,0.0016380000000000006,
2021-02-04 08:31:00,0.0574117,0.0578978,0.0565905,0.0567993,110693393.0,,,,,,-0.01066681530071407,0.0013072999999999974,
2021-02-04 08:32:00,0.0567993,0.0573588,0.0561698,0.0568358,97176007.0,,,,,,0.0006426135533360765,0.0011890000000000026,
2021-02-04 08:33:00,0.0567564,0.0568355,0.054287,0.05488,137457224.0,,,,,,-0.03306058876179603,0.002548499999999995,
2021-02-04 08:34:00,0.054885,0.055,0.0523143,0.0528923,265185567.0,,,,,,-0.036306823357930215,0.002685699999999999,
2021-02-04 08:35:00,0.0528923,0.0544939,0.0512228,0.0543596,276250014.0,,,,,,0.027741278031017703,0.003271099999999999,
2021-02-04 08:36:00,0.0542114,0.055395,0.0535,0.0548423,168879160.0,,,,,,0.011637773604813688,0.0018950000000000009,
2021-02-04 08:37:00,0.0548606,0.0554746,0.0533238,0.0535555,117187206.0,,,,,,-0.023789386189724565,0.0021508000000000013,
2021-02-04 08:38:00,0.0535462,0.0541801,0.0525003,0.0527833,119894073.0,,,,,,-0.014247509627200507,0.0016798000000000021,
2021-02-04 08:39:00,0.0527818,0.053506,0.0522,0.0528617,121646020.0,,,,,,0.0015137793709195369,0.0013059999999999947,
2021-02-04 08:40:00,0.052858,0.0538822,0.0525594,0.0526627,94082496.0,,,,,,-0.003694804949108979,0.001322799999999999,
2021-02-04 08:41:00,0.0526627,0.0529015,0.0507184,0.0513925,168197902.0,,,,,,-0.024119538117111334,0.0021831000000000003,
2021-02-07 22:10:00,0.079,0.0795,0.078957,0.0791917,39409181.0,,,,,,,0.0005430000000000018,True
2021-02-07 22:11:00,0.0793271,0.079442,0.0789001,0.0789078,29555428.0,,,,,,-0.005285709423387436,0.0005418999999999979,
2021-02-07 22:12:00,0.0789881,0.0799,0.078905,0.0798862,41804823.0,,,,,,0.01137006713669526,0.0009949999999999959,
2021-02-07 22:13:00,0.0799,0.08,0.0795,0.0797032,75161522.0,,,,,,-0.002463078848560663,0.0005000000000000004,
2021-02-07 22:14:00,0.0796827,0.0799999,0.0796758,0.0797803,46252080.0,,,,,,0.00122485809341304,0.00032409999999999384,
2021-02-07 22:15:00,0.0798422,0.0799,0.0772493,0.0780256,116720245.0,,,,,,-0.02275237906771108,0.002650699999999992,
2021-02-07 22:16:00,0.0780326,0.0793428,0.0779485,0.0790486,41110153.0,,,,,,0.013020199250057067,0.001394300000000001,
2021-02-07 22:17:00,0.0790298,0.0797974,0.0790025,0.079748,22868129.0,,,,,,0.009087711217793821,0.0007949000000000012,
2021-02-07 22:18:00,0.0797927,0.07998,0.0793223,0.0794974,35908101.0,,,,,,-0.00370083980113467,0.0006576999999999972,
2021-02-07 22:19:00,0.0796663,0.081,0.079529,0.0809999,103781537.0,,,,,,0.016739825999199213,0.001471,
2021-02-07 22:20:00,0.080752,0.0818323,0.080665,0.0814588,87455352.0,,,,,,0.008752724390727084,0.0011672999999999961,
2021-02-07 22:21:00,0.0814588,0.0825,0.080145,0.0810236,107256687.0,,,,,,-0.005342578088555156,0.00235500000000001,
2021-02-07 22:22:00,0.0811471,0.0811471,0.07849,0.0799966,115605935.0,,,,,,-0.014177955835759981,0.0026570999999999956,
2021-02-07 22:23:00,0.0799966,0.081075,0.0795084,0.0807829,50786863.0,,,,,,0.00982916773962898,0.0015665999999999874,
2021-02-07 22:24:00,0.0807829,0.0816522,0.0805157,0.0807907,50751603.0,,,,,,9.655508777214449e-05,0.0011364999999999986,
2021-02-07 22:25:00,0.0808806,0.0825,0.0799,0.0824816,71982801.0, Who let the Doge out ,110100.0,12000.0,768400.0,True,0.019794610821383684,0.002600000000000005,
2021-02-07 22:26:00,0.0823982,0.0843994,0.082379,0.0843976,144236293.0,,,,,,0.024265093169510962,0.0020204000000000055,
2021-02-07 22:27:00,0.0843288,0.0847,0.0820455,0.0847,120779510.0,,,,,,0.004401817647114652,0.002654500000000004,
2021-02-07 22:28:00,0.0847,0.087297,0.0842613,0.086992,166468667.0,,,,,,0.027060212514757997,0.0030357000000000023,
2021-02-07 22:29:00,0.0868473,0.0871713,0.083745,0.084763,157499034.0,,,,,,-0.023999594690911487,0.0034262999999999932,
2021-02-07 22:30:00,0.084763,0.086,0.0827076,0.0852769,146461070.0,,,,,,0.006062786829158922,0.003292399999999987,
2021-02-07 22:31:00,0.0853252,0.086,0.0842883,0.0849554,95464089.0,,,,,,-0.004334006835026504,0.0017116999999999966,
2021-02-07 22:32:00,0.085044,0.0856122,0.083431,0.084,72862358.0,,,,,,-0.01227599830675873,0.0021811999999999943,
2021-02-07 22:33:00,0.0839565,0.0849,0.0835581,0.0836667,61943116.0,,,,,,-0.003451787532829581,0.001341900000000007,
2021-02-07 22:34:00,0.0836151,0.0838159,0.0792879,0.0812619,177657555.0,,,,,,-0.028143242069913206,0.004528000000000004,
2021-02-07 22:35:00,0.0812112,0.083495,0.0811852,0.0826517,109661579.0,,,,,,0.017737701203774818,0.0023098000000000007,
2021-02-07 22:36:00,0.0825973,0.0837233,0.0825759,0.0831111,76719982.0,,,,,,0.006220542317969169,0.0011474000000000067,
2021-02-07 22:37:00,0.0831188,0.0834364,0.082,0.0822567,60767388.0,,,,,,-0.010371901423023485,0.0014363999999999905,
2021-02-07 22:38:00,0.082256,0.0825454,0.0807275,0.0816536,70186181.0,,,,,,-0.007323477922583022,0.0018179000000000112,
2021-02-07 22:39:00,0.081539,0.083,0.08147,0.0823414,62171210.0,,,,,,0.009840689731294164,0.0015300000000000036,
2021-02-10 14:53:00,0.0689822,0.0692829,0.06895,0.0692763,7279869.0,,,,,,,0.0003328999999999971,True
2021-02-10 14:54:00,0.0692354,0.0696485,0.0692219,0.0695141,7136795.0,,,,,,0.0040253974123063176,0.0004265999999999992,
2021-02-10 14:55:00,0.0695073,0.0695073,0.0691363,0.0693218,5737137.0,,,,,,-0.00266878442983674,0.00037099999999999633,
2021-02-10 14:56:00,0.0693466,0.0694592,0.069023,0.0691895,6980046.0,,,,,,-0.0022654319029338623,0.0004361999999999977,
2021-02-10 14:57:00,0.069195,0.0692407,0.06895,0.0690303,9419756.0,,,,,,-0.0023802297853891714,0.00029070000000000484,
2021-02-10 14:58:00,0.0690243,0.0690332,0.0683937,0.0687182,17121343.0,,,,,,-0.004434670108932703,0.0006395000000000012,
2021-02-10 14:59:00,0.0687182,0.069,0.0685,0.068999,11604813.0,,,,,,0.0040862537144455416,0.0005000000000000004,
2021-02-10 15:00:00,0.068999,0.069,0.0685,0.0689253,8047201.0,,,,,,-0.0010681314221946674,0.0005000000000000004,
2021-02-10 15:01:00,0.0689999,0.0695881,0.068933,0.0691575,10405394.0,,,,,,0.0022840612812481446,0.0006551000000000057,
2021-02-10 15:02:00,0.0691045,0.0694333,0.0687678,0.0689977,17817137.0,,,,,,-0.0015454854604259364,0.0006654999999999994,
2021-02-10 15:03:00,0.0690181,0.0690253,0.0687679,0.0688221,5933266.0,,,,,,-0.002839834767981178,0.00025739999999999097,
2021-02-10 15:04:00,0.0688658,0.0689939,0.0685735,0.0688784,7566840.0,,,,,,0.000182964548440612,0.00042040000000000133,
2021-02-10 15:05:00,0.0688794,0.0692,0.0688794,0.0689962,5622239.0,,,,,,0.0016957174423702915,0.0003206000000000042,
2021-02-10 15:06:00,0.0690078,0.0691483,0.0689601,0.0690558,2800531.0,,,,,,0.0006955735438603516,0.00018819999999999948,
2021-02-10 15:07:00,0.0690202,0.0691467,0.0688804,0.069029,3717948.0,,,,,,0.00012749890611718557,0.00026630000000001097,
2021-02-10 15:08:00,0.0690424,0.0716,0.0687944,0.0716,48536022.0,"Bought some Dogecoin for lil X, so he can be a toddler hodler",56900.0,9251.0,535500.0,True,0.03704390345642668,0.0028055999999999914,
2021-02-10 15:09:00,0.0716,0.0768,0.0714032,0.076,265113785.0,,,,,,0.061452513966480465,0.005396799999999993,
2021-02-10 15:10:00,0.076,0.079,0.0756,0.0789,184642656.0,,,,,,0.038157894736842106,0.0034000000000000002,
2021-02-10 15:11:00,0.0788998,0.0797207,0.0763763,0.0789996,184544600.0,,,,,,0.0012648954750201788,0.0033444000000000113,
2021-02-10 15:12:00,0.0788173,0.0805,0.0787257,0.0805,167618393.0,,,,,,0.02134937380498945,0.0017743000000000064,
2021-02-10 15:13:00,0.0804992,0.081,0.0763419,0.077731,177519846.0,,,,,,-0.03438791938304992,0.004658099999999998,
2021-02-10 15:14:00,0.077704,0.0793672,0.0765,0.0790007,129192647.0,,,,,,0.016687686605580124,0.0028672000000000003,
2021-02-10 15:15:00,0.07902,0.0805197,0.078,0.0786697,141258428.0,,,,,,-0.004433054922804501,0.0025196999999999997,
2021-02-10 15:16:00,0.0786003,0.0787188,0.0758641,0.0776379,126724836.0,,,,,,-0.012244228075465389,0.0028547000000000017,
2021-02-10 15:17:00,0.0776159,0.0784388,0.0768748,0.0780725,68461123.0,,,,,,0.005882815247906697,0.0015640000000000098,
2021-02-10 15:18:00,0.0780853,0.0794319,0.0778643,0.0788617,81459162.0,,,,,,0.009942972620967204,0.0015676000000000023,
2021-02-10 15:19:00,0.0788497,0.08,0.0786498,0.07991,101054477.0,,,,,,0.013447102525437639,0.0013501999999999958,
2021-02-10 15:20:00,0.07998,0.081499,0.0794949,0.0813011,140432454.0,,,,,,0.016517879469867536,0.0020041000000000087,
2021-02-10 15:21:00,0.0814683,0.0816,0.0800804,0.0808851,126182418.0,,,,,,-0.007158612613740462,0.0015196000000000098,
2021-02-10 15:22:00,0.0807353,0.0814996,0.0793373,0.0801244,100167465.0,,,,,,-0.007566702545231114,0.002162300000000006,
2021-02-11 08:53:00,0.0720198,0.0720408,0.0718491,0.0719866,3907169.0,,,,,,,0.00019170000000000298,True
2021-02-11 08:54:00,0.0719529,0.0720292,0.07191,0.0719749,2496236.0,,,,,,0.0003057555706579477,0.00011919999999999986,
2021-02-11 08:55:00,0.0719924,0.0720999,0.0719051,0.072,4519791.0,,,,,,0.00010556669870703712,0.00019479999999999498,
2021-02-11 08:56:00,0.072,0.0721956,0.0719389,0.0720556,6905588.0,,,,,,0.0007722222222222621,0.0002566999999999986,
2021-02-11 08:57:00,0.0720594,0.0721638,0.0720498,0.0721172,1590843.0,,,,,,0.0008021160320514828,0.00011400000000000299,
2021-02-11 08:58:00,0.0721172,0.0721721,0.0720632,0.072084,1821367.0,,,,,,-0.00046036174449383773,0.00010890000000000899,
2021-02-11 08:59:00,0.072084,0.072182,0.07207,0.072182,1765557.0,,,,,,0.0013595249986127417,0.00011200000000000099,
2021-02-11 09:00:00,0.0721667,0.0722371,0.072129,0.0722109,2452865.0,,,,,,0.0006124708487431771,0.00010809999999999986,
2021-02-11 09:01:00,0.0721975,0.0723761,0.0721972,0.072352,2223755.0,,,,,,0.0021399632951279736,0.00017889999999999573,
2021-02-11 09:02:00,0.0723162,0.0724476,0.0721297,0.07213,3149882.0,,,,,,-0.0025748034327024577,0.00031789999999999596,
2021-02-11 09:03:00,0.0721543,0.0722043,0.0720251,0.072139,2169430.0,,,,,,-0.00021204557455355743,0.00017920000000000436,
2021-02-11 09:04:00,0.0721179,0.0721818,0.0720197,0.0720197,2593914.0,,,,,,-0.001361659171994647,0.00016209999999999836,
2021-02-11 09:05:00,0.0720148,0.0721064,0.0717456,0.0720022,6024397.0,,,,,,-0.00017496403517056907,0.00036079999999999446,
2021-02-11 09:06:00,0.0720022,0.0720918,0.0719803,0.0720355,1524116.0,,,,,,0.0004624858684873517,0.00011150000000000049,
2021-02-11 09:07:00,0.0720355,0.0721932,0.0720146,0.0720489,2186952.0,,,,,,0.00018601939321579981,0.00017860000000000098,
2021-02-11 09:08:00,0.0720483,0.0726108,0.072011,0.072569,12035357.0,"Frodo was the underdoge, All thought he would fail, Himself most of all.",29400.0,3870.0,242300.0,True,0.0072270962673650725,0.0005997999999999976,
2021-02-11 09:09:00,0.072569,0.0751733,0.0725689,0.075144,87251866.0,,,,,,0.03548347090355397,0.002604399999999993,
2021-02-11 09:10:00,0.075144,0.0755622,0.0742033,0.0749851,79410656.0,,,,,,-0.0021146066219525643,0.0013588999999999962,
2021-02-11 09:11:00,0.0749018,0.0752,0.0744234,0.0745679,52449750.0,,,,,,-0.004457836794309323,0.0007766000000000023,
2021-02-11 09:12:00,0.0746046,0.0746309,0.0730336,0.074092,51450390.0,,,,,,-0.006870889998739865,0.001597299999999996,
2021-02-11 09:13:00,0.074092,0.0745022,0.0737467,0.074399,26458429.0,,,,,,0.004143497273659797,0.0007555000000000062,
2021-02-11 09:14:00,0.0743676,0.0744,0.0736225,0.0739426,20025127.0,,,,,,-0.005714854318278507,0.0007775000000000004,
2021-02-11 09:15:00,0.0738789,0.0744441,0.0738271,0.0743272,35613952.0,,,,,,0.006068038370901553,0.0006169999999999926,
2021-02-11 09:16:00,0.0743028,0.0744512,0.0741445,0.0743381,17380667.0,,,,,,0.0004750830385934581,0.0003066999999999931,
2021-02-11 09:17:00,0.0743349,0.0744793,0.0743,0.0744001,14315614.0,,,,,,0.0008771115586353297,0.00017929999999999335,
2021-02-11 09:18:00,0.0743941,0.0745,0.074,0.0741566,20607657.0,,,,,,-0.003192457466385124,0.0005000000000000004,
2021-02-11 09:19:00,0.0741604,0.074233,0.073661,0.0738154,28416561.0,,,,,,-0.004652078467753654,0.0005719999999999892,
2021-02-11 09:20:00,0.0738142,0.0739,0.0735444,0.0737273,16607984.0,,,,,,-0.001177280252309188,0.0003555999999999976,
2021-02-11 09:21:00,0.0737765,0.07389,0.0736801,0.0737649,8650800.0,,,,,,-0.00015723163880098,0.00020989999999999898,
2021-02-11 09:22:00,0.0737686,0.073937,0.07372,0.0738331,7867663.0,,,,,,0.0008743557557008688,0.00021700000000000885,
2021-02-14 23:10:00,0.0577563,0.0577807,0.0570976,0.0572547,15164364.0,,,,,,,0.000683099999999999,True
2021-02-14 23:11:00,0.0572547,0.0575585,0.057171,0.0572489,13906165.0,,,,,,-0.00010130172719445302,0.00038749999999999896,
2021-02-14 23:12:00,0.0572489,0.057315,0.057133,0.0572504,5782467.0,,,,,,2.620137679503886e-05,0.00018199999999999467,
2021-02-14 23:13:00,0.0572504,0.0572929,0.05701,0.0570359,4475459.0,,,,,,-0.003746698713022082,0.0002829000000000026,
2021-02-14 23:14:00,0.0570105,0.0570544,0.056789,0.0569339,9513438.0,,,,,,-0.0013436121416229663,0.00026539999999999897,
2021-02-14 23:15:00,0.0569337,0.0573845,0.0568131,0.0573781,6071799.0,,,,,,0.007805570338832792,0.0005713999999999997,
2021-02-14 23:16:00,0.0573838,0.0576926,0.0573834,0.0576373,5685142.0,,,,,,0.00441762309223167,0.0003091999999999956,
2021-02-14 23:17:00,0.0576556,0.0576556,0.0573114,0.0575187,3587490.0,,,,,,-0.0023744441129743216,0.00034420000000000284,
2021-02-14 23:18:00,0.0575183,0.0576121,0.0574713,0.0575686,1427151.0,,,,,,0.0008745042882003846,0.00014079999999999648,
2021-02-14 23:19:00,0.0575613,0.057624,0.0574255,0.0574804,3911579.0,,,,,,-0.0014054581811043497,0.00019850000000000423,
2021-02-14 23:20:00,0.0574815,0.0577305,0.0573817,0.0577305,2618541.0,,,,,,0.004331828501343897,0.00034879999999999634,
2021-02-14 23:21:00,0.0576886,0.0580157,0.0576886,0.0579911,4504430.0,,,,,,0.0052436703265462715,0.0003271000000000038,
2021-02-14 23:22:00,0.0579573,0.0582904,0.0579573,0.0582103,4099450.0,,,,,,0.004365282716758653,0.0003330999999999959,
2021-02-14 23:23:00,0.058205,0.05823,0.058,0.0581554,3275819.0,,,,,,-0.0008521604673137509,0.0002299999999999941,
2021-02-14 23:24:00,0.0581023,0.058158,0.0580004,0.058043,4950467.0,,,,,,-0.001020613641800844,0.0001576000000000008,
2021-02-14 23:25:00,0.0580758,0.0596904,0.0580331,0.0595407,23833660.0,"If major Dogecoin holders sell most of their coins, it will get my full support. Too much concentration is the only real issue imo.",33500.0,5865.0,322400.0,True,0.025223931482648627,0.0016573000000000004,
2021-02-14 23:26:00,0.059541,0.0645453,0.059481,0.0636253,187144458.0,,,,,,0.06859642935120336,0.005064300000000001,
2021-02-14 23:27:00,0.0635429,0.0649,0.0635,0.0648064,78013318.0,,,,,,0.019884204214790334,0.0013999999999999985,
2021-02-14 23:28:00,0.0648064,0.065,0.0621,0.062141,103161483.0,,,,,,-0.04112865396010268,0.0029,
2021-02-14 23:29:00,0.062106,0.0629576,0.062,0.0628969,77202901.0,,,,,,0.012734679419057806,0.0009576000000000029,
2021-02-14 23:30:00,0.0628969,0.064,0.062688,0.0639996,60643404.0,,,,,,0.017531865640436937,0.0013120000000000076,
2021-02-14 23:31:00,0.0639996,0.0640172,0.063283,0.063283,47592705.0,,,,,,-0.011196944980906096,0.0007341999999999904,
2021-02-14 23:32:00,0.0633074,0.0636457,0.060333,0.0617966,85460593.0,,,,,,-0.023864508730416976,0.0033127000000000018,
2021-02-14 23:33:00,0.06178,0.0620949,0.0608792,0.0615737,79625017.0,,,,,,-0.0033392683716413005,0.0012157000000000001,
2021-02-14 23:34:00,0.0615691,0.0615698,0.0610089,0.0613905,23062031.0,,,,,,-0.002900805761331593,0.0005609000000000031,
2021-02-14 23:35:00,0.0613905,0.0620763,0.0611216,0.0614271,36275980.0,,,,,,0.0005961834485791409,0.0009547000000000028,
2021-02-14 23:36:00,0.0613201,0.0614266,0.0603,0.0604498,34060026.0,,,,,,-0.014192736150136812,0.0011265999999999984,
2021-02-14 23:37:00,0.0605783,0.0611885,0.0604,0.0611415,19616140.0,,,,,,0.009297058517654009,0.0007884999999999975,
2021-02-14 23:38:00,0.0611959,0.06121,0.0603387,0.0609995,15333850.0,,,,,,-0.0032093653332984622,0.0008712999999999985,
2021-02-14 23:39:00,0.0609927,0.0616,0.0608796,0.061151,22682553.0,,,,,,0.00259539256337234,0.000720400000000003,
2021-02-21 21:12:00,0.0544667,0.0545517,0.0544542,0.0545517,798116.0,,,,,,,9.750000000000036e-05,True
2021-02-21 21:13:00,0.0545032,0.0545369,0.0544718,0.0544962,402147.0,,,,,,-0.0001284328259625134,6.509999999999849e-05,
2021-02-21 21:14:00,0.0544962,0.0545128,0.0544588,0.0544753,507471.0,,,,,,-0.0003835129788866792,5.3999999999998494e-05,
2021-02-21 21:15:00,0.0545,0.0545072,0.0543635,0.0544974,1574725.0,,,,,,-4.770642201831994e-05,0.0001436999999999966,
2021-02-21 21:16:00,0.0544675,0.0545432,0.054385,0.054385,946877.0,,,,,,-0.0015146647083122823,0.00015819999999999723,
2021-02-21 21:17:00,0.054385,0.0546388,0.0543771,0.0546,1319741.0,,,,,,0.003953295945573226,0.0002617000000000036,
2021-02-21 21:18:00,0.054581,0.05465,0.0545054,0.0545793,1437802.0,,,,,,-3.11463696158061e-05,0.00014459999999999473,
2021-02-21 21:19:00,0.0545504,0.0545807,0.0544865,0.0545149,388509.0,,,,,,-0.0006507743297941135,9.420000000000261e-05,
2021-02-21 21:20:00,0.0544827,0.0547365,0.0544653,0.0545561,2532997.0,,,,,,0.001347216639410331,0.0002711999999999992,
2021-02-21 21:21:00,0.0545287,0.0545561,0.05446,0.05446,848987.0,,,,,,-0.0012598869952886815,9.610000000000174e-05,
2021-02-21 21:22:00,0.0544806,0.0544818,0.0544117,0.0544312,309240.0,,,,,,-0.0009067447862174436,7.009999999999655e-05,
2021-02-21 21:23:00,0.0544334,0.0544517,0.0543827,0.0544233,628472.0,,,,,,-0.0001855478437870682,6.899999999999962e-05,
2021-02-21 21:24:00,0.0544457,0.0544967,0.0543771,0.0544644,667961.0,,,,,,0.00034346146711316844,0.00011960000000000442,
2021-02-21 21:25:00,0.0544358,0.0544638,0.0543721,0.05441,267447.0,,,,,,-0.0004739528031185256,9.170000000000011e-05,
2021-02-21 21:26:00,0.054407,0.0544229,0.0543772,0.0544128,500687.0,,,,,,0.00010660392964141102,4.570000000000268e-05,
2021-02-21 21:27:00,0.0544199,0.0570081,0.0543923,0.0570081,69264384.0,Dojo 4 Doge,31600.0,3631.0,318900.0,True,0.047559808084910095,0.0026158000000000015,
2021-02-21 21:28:00,0.057,0.059,0.0566839,0.0588375,155435888.0,,,,,,0.03223684210526313,0.0023160999999999946,
2021-02-21 21:29:00,0.0587234,0.06,0.0578189,0.0598089,124566516.0,,,,,,0.0184849651076061,0.0021810999999999983,
2021-02-21 21:30:00,0.059722,0.06,0.0571462,0.0579023,155063405.0,,,,,,-0.0304695087237534,0.0028537999999999966,
2021-02-21 21:31:00,0.0577492,0.0586354,0.0575234,0.0584631,83804835.0,,,,,,0.012362076011442522,0.001111999999999995,
2021-02-21 21:32:00,0.0585159,0.0585688,0.05785,0.058145,60547384.0,,,,,,-0.006338448182459816,0.0007187999999999986,
2021-02-21 21:33:00,0.058145,0.0585,0.0578373,0.0582297,50556117.0,,,,,,0.0014567030699114292,0.0006627000000000022,
2021-02-21 21:34:00,0.0582297,0.058451,0.0572979,0.0577628,58318530.0,,,,,,-0.00801824498494753,0.0011531000000000041,
2021-02-21 21:35:00,0.0577627,0.0577628,0.0563638,0.0570186,48673985.0,,,,,,-0.01288201555675198,0.0013990000000000044,
2021-02-21 21:36:00,0.0570741,0.0573475,0.05666,0.0569309,45493568.0,,,,,,-0.00250901897708423,0.0006875000000000006,
2021-02-21 21:37:00,0.0568674,0.057199,0.0565731,0.0571553,34028309.0,,,,,,0.005062654526143285,0.0006258999999999987,
2021-02-21 21:38:00,0.0571979,0.0572365,0.0565,0.0567689,40173276.0,,,,,,-0.007500275359759812,0.000736500000000001,
2021-02-21 21:39:00,0.0567251,0.0572355,0.0565761,0.05722,30152473.0,,,,,,0.008724532878743264,0.0006594000000000044,
2021-02-21 21:40:00,0.0572194,0.0578966,0.0571736,0.0576099,39485883.0,,,,,,0.006824608436998675,0.0007230000000000014,
2021-02-21 21:41:00,0.0576099,0.0576264,0.0571438,0.0572525,26766572.0,,,,,,-0.006203794833874053,0.0004825999999999997,
2021-03-01 19:42:00,0.0494059,0.0494059,0.0492875,0.0492875,1515699.0,,,,,,,0.00011840000000000461,True
2021-03-01 19:43:00,0.0492875,0.0493469,0.0492445,0.0493381,2090933.0,,,,,,0.0010266294699468386,0.00010240000000000249,
2021-03-01 19:44:00,0.0493133,0.049361,0.0492565,0.0492584,1228293.0,,,,,,-0.0011132899238135883,0.00010450000000000043,
2021-03-01 19:45:00,0.0492583,0.049373,0.0492582,0.049373,999607.0,,,,,,0.0023285415858850652,0.00011479999999999824,
2021-03-01 19:46:00,0.0493463,0.0494543,0.049286,0.0493114,889167.0,,,,,,-0.0007072465412807925,0.00016829999999999623,
2021-03-01 19:47:00,0.0493081,0.0493909,0.0493081,0.0493834,553733.0,,,,,,0.0015271324589671955,8.280000000000093e-05,
2021-03-01 19:48:00,0.049392,0.0494856,0.049391,0.0494591,647045.0,,,,,,0.0013585195983155268,9.460000000000024e-05,
2021-03-01 19:49:00,0.0494875,0.0496759,0.0494556,0.0495931,1526946.0,,,,,,0.0021338721899470435,0.00022029999999999966,
2021-03-01 19:50:00,0.0496172,0.0497001,0.0496,0.0496405,1534359.0,,,,,,0.0004695952210120066,0.0001000999999999988,
2021-03-01 19:51:00,0.0496741,0.0497001,0.0496084,0.049673,822183.0,,,,,,-2.2144336787117166e-05,9.170000000000011e-05,
2021-03-01 19:52:00,0.0496479,0.049813,0.0496318,0.0497739,1437904.0,,,,,,0.0025378716924583135,0.00018120000000000636,
2021-03-01 19:53:00,0.04977,0.0498549,0.0497349,0.0498549,921125.0,,,,,,0.0017058468957202905,0.00012000000000000205,
2021-03-01 19:54:00,0.049822,0.0498411,0.0497453,0.0497476,411589.0,,,,,,-0.0014933162056921703,9.580000000000005e-05,
2021-03-01 19:55:00,0.0497329,0.0497473,0.0496503,0.0496832,611787.0,,,,,,-0.0009993384660858255,9.699999999999986e-05,
2021-03-01 19:56:00,0.049698,0.049778,0.0496252,0.0496554,1161052.0,,,,,,-0.0008571773512011914,0.00015280000000000155,
2021-03-01 19:57:00,0.049668,0.051919,0.0496252,0.0513096,93814445.0,Doge meme shield (legendary item),25900.0,2040.0,278400.0,True,0.033051461705726023,0.0022937999999999986,
2021-03-01 19:58:00,0.0514272,0.0524998,0.0508597,0.0522462,78454039.0,,,,,,0.01592542467799142,0.0016400999999999985,
2021-03-01 19:59:00,0.0522462,0.052505,0.0513552,0.0518222,86552555.0,,,,,,-0.008115422748448706,0.0011498000000000064,
2021-03-01 20:00:00,0.0518222,0.0518824,0.0511067,0.0514439,42088781.0,,,,,,-0.007299960248696467,0.0007757000000000042,
2021-03-01 20:01:00,0.05144,0.0516981,0.0510689,0.0510689,28172651.0,,,,,,-0.00721423017107308,0.0006291999999999964,
2021-03-01 20:02:00,0.0511222,0.0511763,0.0506604,0.0510523,40017688.0,,,,,,-0.00136731204838598,0.0005158999999999997,
2021-03-01 20:03:00,0.051114,0.0515,0.051,0.0510507,25311058.0,,,,,,-0.001238408263880781,0.0005000000000000004,
2021-03-01 20:04:00,0.0510833,0.0513061,0.0509915,0.0509915,12663214.0,,,,,,-0.0017970647941694458,0.0003145999999999982,
2021-03-01 20:05:00,0.05099,0.0510322,0.05073,0.0508102,16184422.0,,,,,,-0.00352618160423614,0.00030220000000000247,
2021-03-01 20:06:00,0.0508102,0.0509898,0.0507104,0.0507703,11689206.0,,,,,,-0.0007852753974596131,0.0002793999999999991,
2021-03-01 20:07:00,0.0507707,0.0509978,0.050729,0.05079,11752229.0,,,,,,0.00038014051411542233,0.0002687999999999996,
2021-03-01 20:08:00,0.0507896,0.0507896,0.0505001,0.0506531,13557144.0,,,,,,-0.0026875580827570556,0.0002894999999999981,
2021-03-01 20:09:00,0.0505909,0.0507,0.0505227,0.0506532,7411141.0,,,,,,0.0012314467621647616,0.00017730000000000523,
2021-03-01 20:10:00,0.0506529,0.0506826,0.0505218,0.0505638,5642140.0,,,,,,-0.0017590305787033255,0.0001608000000000026,
2021-03-01 20:11:00,0.0505646,0.0506215,0.0503267,0.0505684,13179881.0,,,,,,7.515139049845642e-05,0.00029479999999999784,
2021-03-06 04:25:00,0.0496066,0.0496066,0.0495473,0.049571,480393.0,,,,,,,5.929999999999824e-05,True
2021-03-06 04:26:00,0.0495702,0.0495958,0.0495296,0.0495958,1601250.0,,,,,,0.0005164393123287907,6.620000000000237e-05,
2021-03-06 04:27:00,0.0495878,0.0496379,0.0495732,0.0495958,175711.0,,,,,,0.00016133000455759405,6.470000000000087e-05,
2021-03-06 04:28:00,0.0495967,0.0496414,0.0495958,0.0496146,157130.0,,,,,,0.0003609111090052614,4.559999999999981e-05,
2021-03-06 04:29:00,0.0495997,0.049633,0.0495562,0.0496182,500108.0,,,,,,0.0003729861269323126,7.679999999999493e-05,
2021-03-06 04:30:00,0.049613,0.049674,0.049613,0.0496602,366231.0,,,,,,0.0009513635539073265,6.1000000000005494e-05,
2021-03-06 04:31:00,0.0496302,0.0496302,0.0496025,0.0496259,261561.0,,,,,,-8.664079532217781e-05,2.769999999999856e-05,
2021-03-06 04:32:00,0.0496204,0.0496598,0.0496204,0.0496568,59970.0,,,,,,0.000733569257805236,3.9399999999994995e-05,
2021-03-06 04:33:00,0.04965,0.04965,0.0496204,0.049648,204857.0,,,,,,-4.0281973816757304e-05,2.9599999999997684e-05,
2021-03-06 04:34:00,0.0496479,0.049675,0.0496479,0.0496493,105703.0,,,,,,2.8198574360619975e-05,2.7099999999995183e-05,
2021-03-06 04:35:00,0.0496458,0.0496639,0.0496204,0.0496206,625711.0,,,,,,-0.0005075958087088144,4.349999999999493e-05,
2021-03-06 04:36:00,0.0496206,0.0497036,0.0496205,0.0496378,631822.0,,,,,,0.00034663023018669534,8.310000000000262e-05,
2021-03-06 04:37:00,0.0496469,0.0496825,0.0496205,0.0496527,682273.0,,,,,,0.00011682501827909194,6.199999999999956e-05,
2021-03-06 04:38:00,0.0496718,0.0496751,0.0496205,0.0496527,101727.0,,,,,,-0.00038452401563867343,5.460000000000187e-05,
2021-03-06 04:39:00,0.049648,0.0496919,0.0496227,0.0496919,141215.0,,,,,,0.0008842249436029547,6.919999999999843e-05,
2021-03-06 04:40:00,0.0496919,0.05062,0.0496205,0.0505011,36572892.0,Doge spelled backwards is Egod,37200.0,4807.0,399900.0,True,0.01628434412852,0.0009995000000000004,
2021-03-06 04:41:00,0.0505011,0.0510909,0.050454,0.0509687,63279318.0,,,,,,0.009259204254956794,0.0006369000000000027,
2021-03-06 04:42:00,0.0509687,0.0511855,0.0506437,0.0509687,39860233.0,,,,,,0.0,0.000541800000000002,
2021-03-06 04:43:00,0.0509689,0.0510826,0.05075,0.0510208,14827969.0,,,,,,0.001018268002644761,0.0003325999999999954,
2021-03-06 04:44:00,0.0510208,0.051648,0.0510002,0.051581,31544350.0,,,,,,0.01097983567486209,0.000647799999999997,
2021-03-06 04:45:00,0.051581,0.0517,0.0511601,0.0515327,22947096.0,,,,,,-0.0009363913068765848,0.0005399000000000029,
2021-03-06 04:46:00,0.0515326,0.0521498,0.0513978,0.0520982,87475057.0,,,,,,0.01097557662528185,0.0007520000000000027,
2021-03-06 04:47:00,0.0520984,0.0524,0.0518896,0.0524,30344393.0,,,,,,0.005789045344962591,0.0005104000000000011,
2021-03-06 04:48:00,0.052316,0.0525801,0.0519001,0.0523999,46094857.0,,,,,,0.0016037158804189514,0.00068,
2021-03-06 04:49:00,0.052357,0.0525,0.0519077,0.052332,31427073.0,,,,,,-0.0004774910709170538,0.000592299999999997,
2021-03-06 04:50:00,0.0522996,0.0523582,0.0517,0.0520522,17681317.0,,,,,,-0.004730437708892645,0.0006581999999999977,
2021-03-06 04:51:00,0.0520522,0.0523424,0.0518117,0.0518634,13230821.0,,,,,,-0.0036271281521242688,0.0005306999999999951,
2021-03-06 04:52:00,0.0518591,0.051973,0.0513179,0.0514996,37288311.0,,,,,,-0.006932245256859427,0.0006550999999999987,
2021-03-06 04:53:00,0.0514835,0.0516577,0.0514015,0.0514399,16215753.0,,,,,,-0.0008468732700769129,0.0002561999999999981,
2021-03-06 04:54:00,0.0514399,0.0517218,0.0514351,0.0515089,12250942.0,,,,,,0.0013413711924013568,0.00028670000000000084,
2021-03-13 23:25:00,0.0590158,0.0590158,0.0586635,0.0588595,6489656.0,,,,,,,0.00035229999999999984,True
2021-03-13 23:26:00,0.0588595,0.0589898,0.0588331,0.0589475,2078841.0,,,,,,0.001495085755060743,0.00015670000000000267,
2021-03-13 23:27:00,0.0589478,0.0589998,0.0588508,0.0589503,2593992.0,,,,,,4.241040378089702e-05,0.00014899999999999636,
2021-03-13 23:28:00,0.0589192,0.0589709,0.0588632,0.058895,1281497.0,,,,,,-0.00041073198549870094,0.00010770000000000224,
2021-03-13 23:29:00,0.0588985,0.058977,0.0588326,0.058968,1032615.0,,,,,,0.0011799960949769538,0.00014440000000000286,
2021-03-13 23:30:00,0.0589692,0.0589692,0.0586679,0.0587063,1634709.0,,,,,,-0.0044582595660106715,0.0003012999999999974,
2021-03-13 23:31:00,0.0586874,0.058889,0.0586635,0.0588888,2596247.0,,,,,,0.00343174173672709,0.00022549999999999654,
2021-03-13 23:32:00,0.058878,0.0591794,0.0588654,0.0591382,2477596.0,,,,,,0.004419307721050343,0.0003140000000000018,
2021-03-13 23:33:00,0.0591559,0.0591878,0.0591004,0.0591428,1179553.0,,,,,,-0.00022144874813831013,8.740000000000137e-05,
2021-03-13 23:34:00,0.0591428,0.0591587,0.0590114,0.0590631,1178005.0,,,,,,-0.0013475858430781428,0.00014730000000000298,
2021-03-13 23:35:00,0.0590698,0.0590698,0.0589282,0.0589779,4189717.0,,,,,,-0.0015557865440546427,0.00014159999999999867,
2021-03-13 23:36:00,0.0589809,0.059,0.058887,0.0589135,819643.0,,,,,,-0.0011427428201333343,0.00011299999999999505,
2021-03-13 23:37:00,0.0589096,0.0589809,0.0589003,0.0589445,637292.0,,,,,,0.0005924331518122247,8.060000000000012e-05,
2021-03-13 23:38:00,0.0589443,0.0589959,0.0589329,0.0589643,882226.0,,,,,,0.00033930337623823143,6.299999999999362e-05,
2021-03-13 23:39:00,0.0589647,0.0589999,0.0588562,0.0589881,2732245.0,,,,,,0.00039684760543172117,0.00014370000000000355,
2021-03-13 23:40:00,0.0589854,0.0607762,0.0589619,0.060674,51266652.0,Doge day afternoon,18100.0,1792.0,171700.0,True,0.028627423057231084,0.0018143000000000048,
2021-03-13 23:41:00,0.0605951,0.06161,0.0597788,0.0612011,97829059.0,,,,,,0.010000808646243713,0.001831199999999998,
2021-03-13 23:42:00,0.0612686,0.061459,0.06032,0.0613121,51089194.0,,,,,,0.0007099884769686572,0.0011390000000000011,
2021-03-13 23:43:00,0.0612363,0.0615,0.0605053,0.0606611,41267877.0,,,,,,-0.009393121400215199,0.0009947000000000011,
2021-03-13 23:44:00,0.0606398,0.0607285,0.0602054,0.06038,32474074.0,,,,,,-0.004284314921882947,0.0005230999999999986,
2021-03-13 23:45:00,0.0603734,0.0605019,0.0595453,0.0602143,31193966.0,,,,,,-0.002635266524661561,0.000956599999999995,
2021-03-13 23:46:00,0.0603543,0.0611364,0.0600641,0.0608753,47336222.0,"Origin of Doge Day Afternoon: The ancient Romans sacrificed a Dogecoin at the beginning of the Doge Days to appease the rage of Sirius, believing that the star was the cause of the hot, sultry weather.",7599.0,532.0,75000.0,True,0.008632359251950576,0.0010722999999999983,
2021-03-13 23:47:00,0.0608754,0.0609543,0.0603935,0.0606561,24585878.0,,,,,,-0.0036024403946422626,0.0005608000000000002,
2021-03-13 23:48:00,0.0607322,0.0608668,0.0602568,0.0604127,16692134.0,,,,,,-0.005260800695512435,0.0006099999999999994,
2021-03-13 23:49:00,0.0604317,0.0607823,0.0604,0.0606551,13114182.0,,,,,,0.003696735322686695,0.00038229999999999514,
2021-03-13 23:50:00,0.0606972,0.0608375,0.060332,0.0608185,18823852.0,,,,,,0.0019984447388017535,0.0005055000000000059,
2021-03-13 23:51:00,0.0608372,0.0616,0.0606992,0.0615346,46780558.0,"Why are you so dogematic, they ask",18600.0,1641.0,240300.0,True,0.011463380957703523,0.0009008000000000002,
2021-03-13 23:52:00,0.0615346,0.062,0.0612977,0.0615094,66914917.0,,,,,,-0.00040952569773758173,0.0007023000000000029,
2021-03-13 23:53:00,0.0615097,0.0618,0.0615,0.0616647,26633888.0,,,,,,0.002519927751232771,0.00030000000000000165,
2021-03-13 23:54:00,0.0616672,0.0619,0.0616122,0.0617234,19419362.0,,,,,,0.0009113434694618745,0.0002877999999999978,
2021-03-13 23:55:00,0.0617234,0.062,0.0617234,0.0619806,17386267.0,,,,,,0.004166977191794346,0.00027660000000000184,
2021-03-13 23:56:00,0.0619806,0.0624475,0.0619579,0.0624472,39600027.0,,,,,,0.007528162037798997,0.0004895999999999998,
2021-03-13 23:57:00,0.0624216,0.0626364,0.062,0.062611,42626743.0,,,,,,0.003034206108142042,0.0006363999999999953,
2021-03-13 23:58:00,0.0625911,0.0629,0.06251,0.0628872,23232166.0,,,,,,0.004730704525084357,0.00039000000000000146,
2021-03-13 23:59:00,0.0628939,0.063,0.0620384,0.0627892,57498739.0,,,,,,-0.0016647083421444564,0.0009616,
2021-03-14 00:00:00,0.0627887,0.0627888,0.0611484,0.0617257,56782933.0,,,,,,-0.01692979787764361,0.0016404000000000071,
2021-03-14 00:01:00,0.0617257,0.061869,0.0613001,0.0613001,24684837.0,,,,,,-0.006895021036618429,0.0005688999999999972,
2021-03-14 00:02:00,0.0613058,0.0621,0.061301,0.0621,19849096.0,,,,,,0.012954728590117115,0.0007990000000000011,
2021-03-14 00:03:00,0.0621,0.063001,0.0619479,0.062844,61678188.0,,,,,,0.011980676328502329,0.0010531000000000013,
2021-03-14 00:04:00,0.0628928,0.06329,0.0624965,0.0631,54317119.0,,,,,,0.003294494759336595,0.0007934999999999956,
2021-03-14 00:05:00,0.0631055,0.0636789,0.0625555,0.0634471,81872043.0,,,,,,0.005413157331769994,0.0011233999999999966,
2021-04-01 10:10:00,0.0541762,0.0541762,0.0540881,0.0541094,370453.0,,,,,,,8.810000000000068e-05,True
2021-04-01 10:11:00,0.0540934,0.0541414,0.0540673,0.0540898,2041800.0,,,,,,-6.65515571215608e-05,7.410000000000055e-05,
2021-04-01 10:12:00,0.0540898,0.0541305,0.0540509,0.0540985,1109787.0,,,,,,0.00016084363410477344,7.959999999999912e-05,
2021-04-01 10:13:00,0.054088,0.05409,0.0540002,0.0540002,425426.0,,,,,,-0.0016232805797958697,8.980000000000099e-05,
2021-04-01 10:14:00,0.0540338,0.0540685,0.054,0.0540047,717415.0,,,,,,-0.0005385517953576685,6.849999999999912e-05,
2021-04-01 10:15:00,0.0540232,0.0540251,0.054,0.0540108,355785.0,,,,,,-0.00022953101630415613,2.5100000000000122e-05,
2021-04-01 10:16:00,0.0540131,0.054025,0.053924,0.0539449,804216.0,,,,,,-0.0012626566518123264,0.00010099999999999693,
2021-04-01 10:17:00,0.0539402,0.0539666,0.053914,0.0539553,401844.0,,,,,,0.00027993963685705764,5.260000000000681e-05,
2021-04-01 10:18:00,0.0539553,0.0541756,0.053951,0.0540613,4540658.0,,,,,,0.001964589206250395,0.0002245999999999984,
2021-04-01 10:19:00,0.0540584,0.0541517,0.0540584,0.0541208,423576.0,,,,,,0.0011543071937015741,9.329999999999755e-05,
2021-04-01 10:20:00,0.054121,0.054173,0.0541141,0.05415,533216.0,,,,,,0.0005358363666597866,5.890000000000062e-05,
2021-04-01 10:21:00,0.0541625,0.0541696,0.0541031,0.054121,285007.0,,,,,,-0.0007662127855988898,6.649999999999712e-05,
2021-04-01 10:22:00,0.0541118,0.0541474,0.054107,0.054135,497034.0,,,,,,0.0004287419749481813,4.0399999999995995e-05,
2021-04-01 10:23:00,0.054124,0.0541368,0.05409,0.0541051,608311.0,,,,,,-0.0003491981376098461,4.679999999999962e-05,
2021-04-01 10:24:00,0.054108,0.0542,0.054108,0.0541861,857461.0,,,,,,0.001443409477341569,9.199999999999486e-05,
2021-04-01 10:25:00,0.054173,0.055819,0.0541061,0.0552323,56628569.0,SpaceX is going to put a literal Dogecoin on the literal moon,51400.0,8371.0,534600.0,True,0.01955402137596218,0.0017129000000000033,
2021-04-01 10:26:00,0.0554266,0.0570674,0.0550701,0.0569861,151248053.0,,,,,,0.02813631000277842,0.0019973000000000005,
2021-04-01 10:27:00,0.0570671,0.0573351,0.0562174,0.056764,91315462.0,,,,,,-0.005311291444632732,0.0011176999999999992,
2021-04-01 10:28:00,0.056764,0.058,0.056716,0.0579085,77387085.0,,,,,,0.020162426890282567,0.0012840000000000004,
2021-04-01 10:29:00,0.0579032,0.0586299,0.0575738,0.0584599,118835353.0,,,,,,0.009614321833681045,0.0010560999999999973,
2021-04-01 10:30:00,0.0584596,0.059443,0.0581732,0.059076,115625905.0,,,,,,0.010544033828490037,0.0012698000000000015,
2021-04-01 10:31:00,0.0590701,0.0599374,0.0588106,0.0592512,124124444.0,,,,,,0.003065848881244429,0.0011268000000000042,
2021-04-01 10:32:00,0.0590631,0.060096,0.0588,0.0597937,111001025.0,,,,,,0.012369821428269053,0.0012959999999999985,
2021-04-01 10:33:00,0.0597901,0.06053,0.0592763,0.0603816,109723500.0,,,,,,0.009892942142595543,0.0012537000000000034,
2021-04-01 10:34:00,0.0603816,0.0608219,0.0594429,0.0597401,103603246.0,,,,,,-0.0106240974071572,0.0013789999999999983,
2021-04-01 10:35:00,0.059803,0.0603162,0.0590575,0.0594997,80470275.0,,,,,,-0.005071651923816521,0.0012587000000000015,
2021-04-01 10:36:00,0.0594997,0.0599,0.0593,0.0594782,52493603.0,,,,,,-0.00036134635972955633,0.0006000000000000033,
2021-04-01 10:37:00,0.059371,0.0602,0.059111,0.0600359,71458890.0,,,,,,0.011199070253153948,0.0010889999999999997,
2021-04-01 10:38:00,0.0600352,0.0607689,0.0598995,0.0607689,73454220.0,,,,,,0.012221163584030767,0.0008693999999999993,
2021-04-01 10:39:00,0.060684,0.0612946,0.0604657,0.061,94773927.0,,,,,,0.005207303407817494,0.0008289000000000005,
2021-04-15 04:18:00,0.1298351,0.1299601,0.1296235,0.1296905,2763155.0,,,,,,,0.00033659999999999246,True
2021-04-15 04:19:00,0.1296448,0.1296448,0.1287621,0.1289084,7077805.0,,,,,,-0.005680135261884766,0.000882700000000014,
2021-04-15 04:20:00,0.1289079,0.1290524,0.1284477,0.12904,5642529.0,,,,,,0.0010247626406139276,0.0006047000000000136,
2021-04-15 04:21:00,0.1290592,0.1293,0.1288704,0.1291424,4179965.0,,,,,,0.0006446653938655883,0.0004296000000000022,
2021-04-15 04:22:00,0.1291494,0.129247,0.1285831,0.1286276,5341087.0,,,,,,-0.004040282029959016,0.000663899999999995,
2021-04-15 04:23:00,0.1287212,0.1287981,0.1285048,0.1285931,2200379.0,,,,,,-0.0009951740661213527,0.00029329999999999634,
2021-04-15 04:24:00,0.1285633,0.1285919,0.1279054,0.1279541,6541206.0,,,,,,-0.004738521802100632,0.0006865000000000065,
2021-04-15 04:25:00,0.1280415,0.1282764,0.1277291,0.1277597,4803410.0,,,,,,-0.0022008489435065876,0.0005473000000000006,
2021-04-15 04:26:00,0.1277824,0.1284298,0.1274985,0.128275,6398341.0,,,,,,0.003854990984674022,0.0009313000000000238,
2021-04-15 04:27:00,0.1283556,0.128697,0.1279751,0.1283728,5621223.0,,,,,,0.0001340027236834447,0.0007218999999999975,
2021-04-15 04:28:00,0.1283327,0.1286692,0.1278534,0.128295,7091734.0,,,,,,-0.00029376768352884047,0.0008158000000000054,
2021-04-15 04:29:00,0.1283496,0.1305,0.1283389,0.1301266,52585479.0,,,,,,0.013844998348261316,0.002161099999999999,
2021-04-15 04:30:00,0.130133,0.130412,0.1292888,0.1300124,24595292.0,,,,,,-0.0009267441771110978,0.0011231999999999909,
2021-04-15 04:31:00,0.1300708,0.1300797,0.1292857,0.129521,12428058.0,,,,,,-0.004226928718820744,0.0007939999999999892,
2021-04-15 04:32:00,0.129551,0.1299656,0.1288205,0.12915,11863232.0,,,,,,-0.0030953060956689835,0.0011450999999999822,
2021-04-15 04:33:00,0.1291471,0.131,0.1285714,0.1307989,46034128.0,Doge Barking at the Moon,48600.0,5185.0,328600.0,True,0.012790066521044677,0.002428600000000003,
2021-04-15 04:34:00,0.1308579,0.1342069,0.1307236,0.1340439,77819703.0,,,,,,0.024347020699552677,0.0034832999999999947,
2021-04-15 04:35:00,0.1341611,0.13545,0.1326622,0.1338864,78756992.0,,,,,,-0.0020475383699150988,0.002787799999999979,
2021-04-15 04:36:00,0.1337552,0.1357245,0.1336374,0.1340617,53769799.0,,,,,,0.002291499694965243,0.0020871000000000084,
2021-04-15 04:37:00,0.1338739,0.135023,0.133,0.135,36984980.0,,,,,,0.008411647079826754,0.002022999999999997,
2021-04-15 04:38:00,0.1349516,0.1364789,0.1349215,0.1356981,43876501.0,,,,,,0.005531612815261051,0.0015573999999999866,
2021-04-15 04:39:00,0.1356856,0.1373404,0.1354581,0.137199,40870538.0,,,,,,0.01115372596649901,0.0018823000000000034,
2021-04-15 04:40:00,0.1372005,0.13865,0.1365,0.1385208,46792823.0,,,,,,0.009623142772803281,0.0021499999999999853,
2021-04-15 04:41:00,0.1385216,0.1398087,0.138245,0.1397078,52331698.0,,,,,,0.008563285437072618,0.0015637000000000012,
2021-04-15 04:42:00,0.1397006,0.14,0.1378995,0.1384905,68606071.0,,,,,,-0.00866209593945924,0.002100500000000005,
2021-04-15 04:43:00,0.1387075,0.139083,0.1368056,0.1386368,51870473.0,,,,,,-0.0005097056756123992,0.0022774000000000127,
2021-04-15 04:44:00,0.1386368,0.1399,0.1373603,0.1380546,39503033.0,,,,,,-0.004199462191856743,0.002539700000000006,
2021-04-15 04:45:00,0.1380499,0.1396,0.137573,0.1389992,35429795.0,,,,,,0.006876499005069806,0.002027000000000001,
2021-04-15 04:46:00,0.1389992,0.1399,0.1386918,0.1388578,35297724.0,,,,,,-0.0010172720418533776,0.0012081999999999926,
2021-04-15 04:47:00,0.1389408,0.1399121,0.1375211,0.1382531,39105462.0,,,,,,-0.0049495900412262865,0.0023910000000000042,
2021-04-28 06:05:00,0.26107,0.26114,0.26027,0.26028,4669614.8,,,,,,,0.0008699999999999819,True
2021-04-28 06:06:00,0.26029,0.26049,0.26,0.26001,13032422.1,,,,,,-0.0010757232317799472,0.0004899999999999904,
2021-04-28 06:07:00,0.26001,0.2606,0.26,0.26013,3121545.5,,,,,,0.0004615207107417156,0.0005999999999999894,
2021-04-28 06:08:00,0.26012,0.26016,0.25511,0.25665,19775747.7,,,,,,-0.013339996924496495,0.005049999999999999,
2021-04-28 06:09:00,0.25665,0.25847,0.25632,0.25719,7462493.9,,,,,,0.0021040327293979544,0.0021499999999999853,
2021-04-28 06:10:00,0.25719,0.2584,0.25659,0.25798,7202629.2,,,,,,0.0030716590847234067,0.0018100000000000338,
2021-04-28 06:11:00,0.25798,0.25884,0.25798,0.25841,4211203.8,,,,,,0.0016667958756492207,0.0008600000000000274,
2021-04-28 06:12:00,0.25848,0.2587,0.25673,0.25675,5060003.2,,,,,,-0.006692974311358749,0.0019699999999999718,
2021-04-28 06:13:00,0.2569,0.25795,0.25619,0.25781,5844012.8,,,,,,0.003542234332424937,0.0017600000000000393,
2021-04-28 06:14:00,0.25776,0.25874,0.257,0.25748,5484402.5,,,,,,-0.0010862818125388055,0.0017400000000000193,
2021-04-28 06:15:00,0.25748,0.25879,0.25718,0.25839,3345348.1,,,,,,0.003534255087773893,0.0016100000000000003,
2021-04-28 06:16:00,0.25839,0.25897,0.25775,0.25786,3595537.4,,,,,,-0.0020511629707033185,0.0012199999999999989,
2021-04-28 06:17:00,0.25786,0.25797,0.25631,0.25727,4719006.4,,,,,,-0.0022880632901573703,0.0016599999999999948,
2021-04-28 06:18:00,0.25726,0.25792,0.25684,0.2577,4030067.1,,,,,,0.0017103319598849257,0.0010799999999999699,
2021-04-28 06:19:00,0.25772,0.25882,0.25754,0.25857,3617671.6,,,,,,0.003298153034300859,0.0012800000000000034,
2021-04-28 06:20:00,0.25859,0.26133,0.25702,0.26087,10747406.5,The Dogefather SNL May 8,76000.0,10700.0,453200.0,True,0.008817046289493037,0.0043099999999999805,
2021-04-28 06:21:00,0.26133,0.2677,0.26098,0.26767,28539498.0,,,,,,0.024260513526958297,0.006720000000000004,
2021-04-28 06:22:00,0.26747,0.27435,0.26746,0.274,55043299.6,,,,,,0.02441395296668799,0.006890000000000007,
2021-04-28 06:23:00,0.274,0.275,0.26891,0.273,45611562.1,,,,,,-0.0036496350364963533,0.00609000000000004,
2021-04-28 06:24:00,0.27281,0.275,0.27159,0.27247,32026835.3,,,,,,-0.001246288625783538,0.003410000000000024,
2021-04-28 06:25:00,0.27242,0.27858,0.2723,0.27827,50093332.8,,,,,,0.021474194258865067,0.006280000000000008,
2021-04-28 06:26:00,0.27838,0.2805,0.2752,0.27608,71987235.4,,,,,,-0.008262087793663424,0.005300000000000027,
2021-04-28 06:27:00,0.27591,0.28111,0.2759,0.28108,48505600.6,,,,,,0.01873799427349501,0.005210000000000048,
2021-04-28 06:28:00,0.28107,0.28732,0.28098,0.28625,79483410.6,,,,,,0.0184295727043086,0.006340000000000012,
2021-04-28 06:29:00,0.28644,0.28899,0.28263,0.28899,58849170.7,,,,,,0.008902387934646183,0.006360000000000032,
2021-04-28 06:30:00,0.28899,0.29953,0.28891,0.29815,102023435.7,,,,,,0.03169659849821793,0.010620000000000018,
2021-04-28 06:31:00,0.29797,0.299,0.28236,0.28359,94235840.8,,,,,,-0.048259891935429754,0.016639999999999988,
2021-04-28 06:32:00,0.28359,0.29505,0.28259,0.29473,85218209.7,,,,,,0.039282062131951,0.012459999999999971,
2021-04-28 06:33:00,0.29423,0.304,0.29413,0.30131,105960832.6,,,,,,0.0240628080073413,0.00986999999999999,
2021-04-28 06:34:00,0.30093,0.314,0.30093,0.31009,107709833.3,,,,,,0.03043897251852591,0.013070000000000026,
2021-05-09 22:26:00,0.54965,0.55,0.54647,0.54788,5300118.8,,,,,,,0.003530000000000033,True
2021-05-09 22:27:00,0.54791,0.54814,0.54413,0.54662,4550738.9,,,,,,-0.00235440127028164,0.004009999999999958,
2021-05-09 22:28:00,0.54647,0.54834,0.5453,0.54716,3641871.1,,,,,,0.001262649367760295,0.0030400000000000427,
2021-05-09 22:29:00,0.54715,0.54972,0.54661,0.5476,2995902.4,,,,,,0.000822443571232661,0.003109999999999946,
2021-05-09 22:30:00,0.5476,0.55281,0.54758,0.55151,4428449.1,,,,,,0.007140248356464517,0.005230000000000068,
2021-05-09 22:31:00,0.55149,0.554,0.54926,0.55272,5732858.1,,,,,,0.002230321492683373,0.0047400000000000775,
2021-05-09 22:32:00,0.55272,0.558,0.5527,0.55552,8676362.8,,,,,,0.005065856129685961,0.005300000000000082,
2021-05-09 22:33:00,0.5555,0.56,0.55476,0.55784,10149911.5,,,,,,0.004212421242124228,0.005240000000000022,
2021-05-09 22:34:00,0.55799,0.55856,0.55486,0.55616,4879887.8,,,,,,-0.0032796286671804126,0.0036999999999999256,
2021-05-09 22:35:00,0.55606,0.56,0.55603,0.55883,4925830.7,,,,,,0.0049814768190483945,0.003970000000000029,
2021-05-09 22:36:00,0.55881,0.55999,0.55715,0.55941,5114341.9,,,,,,0.0010737102056153861,0.0028399999999999537,
2021-05-09 22:37:00,0.5595,0.561,0.5586,0.56002,9676712.4,,,,,,0.0009294012511170062,0.0024000000000000687,
2021-05-09 22:38:00,0.56,0.56206,0.55851,0.55906,7977328.2,,,,,,-0.0016785714285715212,0.003550000000000053,
2021-05-09 22:39:00,0.55906,0.56123,0.557,0.55771,6007700.1,,,,,,-0.002414767645690914,0.004229999999999956,
2021-05-09 22:40:00,0.55773,0.55987,0.55601,0.55866,4397074.4,,,,,,0.0016674735086871738,0.0038599999999999746,
2021-05-09 22:41:00,0.55844,0.5719,0.55806,0.57119,19212511.6,SpaceX launching satellite Doge-1 to the moon next year   Mission paid for in Doge  1st crypto in space  1st meme in space  To the mooooonnn!! youtube.com Dogecoin Song - To the Moon [Official] #Dogecoin #tothemoon #dogeListen on Spotify: https://spoti.fi/3qytvKi Apple Music: https://apple.co/3aszJGfLet's bring Dogecoin to the moon! Crypto is fun. B...,114200.0,15400.0,533400.0,True,0.022831459064536794,0.013839999999999963,
2021-05-09 22:42:00,0.57119,0.58,0.56685,0.58,36387103.5,,,,,,0.015423939494739027,0.013149999999999995,
2021-05-09 22:43:00,0.57997,0.59,0.57959,0.5842,54777785.9,,,,,,0.007293480697277561,0.01040999999999992,
2021-05-09 22:44:00,0.58277,0.59,0.57768,0.58701,40638504.6,,,,,,0.007275597577088768,0.012319999999999998,
2021-05-09 22:45:00,0.58727,0.5924,0.58,0.58755,46620938.3,,,,,,0.0004767823999183646,0.012400000000000078,
2021-05-09 22:46:00,0.58695,0.592,0.58579,0.58867,27351313.7,,,,,,0.002930402930403024,0.006209999999999938,
2021-05-09 22:47:00,0.58851,0.59,0.57607,0.57979,30897328.4,,,,,,-0.014817080423442168,0.013929999999999998,
2021-05-09 22:48:00,0.57979,0.58496,0.57735,0.58115,26118883.1,,,,,,0.0023456768830094135,0.007610000000000006,
2021-05-09 22:49:00,0.58114,0.58633,0.57909,0.58314,20590636.2,,,,,,0.0034415115118560102,0.007240000000000024,
2021-05-09 22:50:00,0.58313,0.58441,0.57545,0.5792,19251867.1,,,,,,-0.00673949205151508,0.008959999999999968,
2021-05-09 22:51:00,0.5792,0.57929,0.57437,0.57717,16981368.1,,,,,,-0.003504834254143797,0.0049199999999999244,
2021-05-09 22:52:00,0.57717,0.58,0.57633,0.57969,10474731.5,,,,,,0.00436613129580553,0.003669999999999951,
2021-05-09 22:53:00,0.57959,0.5825,0.57662,0.57822,13823068.4,,,,,,-0.002363739885091346,0.005879999999999996,
2021-05-09 22:54:00,0.57833,0.58283,0.57767,0.58159,11514044.5,,,,,,0.0056369200975222465,0.005159999999999942,
2021-05-09 22:55:00,0.58143,0.582,0.579,0.58029,11452950.0,,,,,,-0.0019606831432847117,0.0030000000000000027,
2021-05-11 07:58:00,0.46455,0.46557,0.46427,0.46532,3008504.6,,,,,,,0.0012999999999999678,True
2021-05-11 07:59:00,0.46531,0.46536,0.46387,0.46458,3069704.2,,,,,,-0.0015688465754013635,0.0014899999999999913,
2021-05-11 08:00:00,0.46456,0.4657,0.46443,0.46502,2356612.6,,,,,,0.0009901842603754433,0.0012699999999999934,
2021-05-11 08:01:00,0.46504,0.46514,0.46336,0.46422,4348332.2,,,,,,-0.0017632891794253987,0.0017800000000000038,
2021-05-11 08:02:00,0.46441,0.46448,0.46261,0.46278,2765063.5,,,,,,-0.0035098296763634825,0.0018699999999999828,
2021-05-11 08:03:00,0.46267,0.464,0.46154,0.46264,8233531.9,,,,,,-6.484103140473772e-05,0.0024600000000000177,
2021-05-11 08:04:00,0.4626,0.46368,0.462,0.46336,4544174.7,,,,,,0.0016428880242109443,0.0016799999999999593,
2021-05-11 08:05:00,0.46338,0.46528,0.46334,0.4649,4761598.2,,,,,,0.0032802451551641543,0.0019400000000000528,
2021-05-11 08:06:00,0.4649,0.467,0.46463,0.46691,4890183.4,,,,,,0.004323510432351069,0.0023700000000000387,
2021-05-11 08:07:00,0.46679,0.46868,0.46624,0.46852,3637160.3,,,,,,0.003706163371109084,0.0024399999999999977,
2021-05-11 08:08:00,0.46854,0.46865,0.46737,0.4679,3687149.9,,,,,,-0.0013659452768174103,0.0012800000000000034,
2021-05-11 08:09:00,0.46778,0.46983,0.46762,0.46858,3155610.7,,,,,,0.0017102056522297297,0.0022100000000000453,
2021-05-11 08:10:00,0.46877,0.46887,0.46757,0.46757,3885088.8,,,,,,-0.0025598907779935454,0.0013000000000000234,
2021-05-11 08:11:00,0.46765,0.46848,0.4662,0.467,2965283.1,,,,,,-0.001389928365230373,0.0022800000000000042,
2021-05-11 08:12:00,0.46699,0.468,0.466,0.46793,2292085.7,,,,,,0.0020128910683312197,0.0020000000000000018,
2021-05-11 08:13:00,0.46793,0.486,0.46755,0.48477,30953807.4,"Do you want Tesla to accept Doge? Yes 78.2% No 21.8% 3,922,516 votes  Final results",96200.0,16200.0,395400.0,True,0.035988288846622286,0.018449999999999966,
2021-05-11 08:14:00,0.48477,0.498,0.48127,0.4963,57614759.8,,,,,,0.023784475111908825,0.016730000000000023,
2021-05-11 08:15:00,0.49718,0.51188,0.49622,0.50957,85005151.3,,,,,,0.02492055191278804,0.015660000000000007,
2021-05-11 08:16:00,0.51,0.52403,0.50903,0.52323,81638658.7,,,,,,0.025941176470588165,0.015000000000000013,
2021-05-11 08:17:00,0.52323,0.52794,0.50949,0.52759,75895878.4,,,,,,0.008332855531984082,0.018449999999999966,
2021-05-11 08:18:00,0.52759,0.53521,0.52007,0.5305,73183782.4,,,,,,0.005515646619534047,0.015139999999999931,
2021-05-11 08:19:00,0.5305,0.539,0.527,0.53857,64070692.3,,,,,,0.015212064090480721,0.01200000000000001,
2021-05-11 08:20:00,0.53872,0.5485,0.53515,0.54675,66401920.6,,,,,,0.014905702405702373,0.013349999999999973,
2021-05-11 08:21:00,0.54675,0.54803,0.5298,0.53711,82781788.4,,,,,,-0.01763145861911291,0.01822999999999997,
2021-05-11 08:22:00,0.53701,0.53989,0.52456,0.53721,59051435.9,,,,,,0.00037243254315557994,0.015329999999999955,
2021-05-11 08:23:00,0.53788,0.545,0.53334,0.54086,56522216.5,,,,,,0.005540269205027111,0.011660000000000004,
2021-05-11 08:24:00,0.54058,0.541,0.53096,0.53398,39480797.5,,,,,,-0.01220910873506223,0.010040000000000049,
2021-05-11 08:25:00,0.53367,0.53756,0.52509,0.53202,40625336.6,,,,,,-0.003091798302321527,0.012470000000000092,
2021-05-11 08:26:00,0.53212,0.53696,0.52814,0.52995,32540785.6,,,,,,-0.004078027512591154,0.008819999999999939,
2021-05-11 08:27:00,0.52995,0.532,0.52174,0.52529,37311112.6,,,,,,-0.008793282385130668,0.010260000000000047,
2021-05-13 22:30:00,0.42586,0.4305,0.42581,0.4305,5618899.4,,,,,,,0.004689999999999972,True
2021-05-13 22:31:00,0.43044,0.43044,0.42704,0.429,5634895.6,,,,,,-0.003345413994981872,0.003400000000000014,
2021-05-13 22:32:00,0.4289,0.42942,0.42701,0.42851,3218854.4,,,,,,-0.0009093028678013557,0.0024100000000000232,
2021-05-13 22:33:00,0.42853,0.429,0.42706,0.42823,2974659.1,,,,,,-0.0007000676732084626,0.0019399999999999973,
2021-05-13 22:34:00,0.42829,0.42884,0.42678,0.4274,2790152.5,,,,,,-0.002078031240514609,0.0020600000000000063,
2021-05-13 22:35:00,0.42739,0.42829,0.4268,0.42743,4033917.7,,,,,,9.359133344248694e-05,0.0014899999999999913,
2021-05-13 22:36:00,0.42735,0.42999,0.427,0.42928,2766654.2,,,,,,0.0045162045162044865,0.0029899999999999927,
2021-05-13 22:37:00,0.42961,0.43181,0.42882,0.43162,3781408.0,,,,,,0.004678662042317479,0.002990000000000048,
2021-05-13 22:38:00,0.43162,0.4339,0.4304,0.43359,6541149.8,,,,,,0.0045641999907325235,0.003500000000000003,
2021-05-13 22:39:00,0.43359,0.43474,0.43241,0.43367,6004838.7,,,,,,0.00018450610023299546,0.0023299999999999987,
2021-05-13 22:40:00,0.43394,0.43429,0.42946,0.43142,4565357.2,,,,,,-0.005807254459141741,0.004830000000000001,
2021-05-13 22:41:00,0.43151,0.43228,0.42947,0.43065,3875912.8,,,,,,-0.0019930013209427996,0.002809999999999979,
2021-05-13 22:42:00,0.43034,0.43102,0.42946,0.43036,2431518.9,,,,,,4.6474880327229634e-05,0.0015600000000000058,
2021-05-13 22:43:00,0.43061,0.4315,0.42853,0.42957,3191033.2,,,,,,-0.0024151784677550114,0.0029699999999999727,
2021-05-13 22:44:00,0.42957,0.43017,0.42783,0.42854,2571736.2,,,,,,-0.002397746583793167,0.0023400000000000087,
2021-05-13 22:45:00,0.42854,0.45,0.42748,0.44753,62707836.2,Working with Doge devs to improve system transaction efficiency. Potentially promising.,84000.0,21000.0,541600.0,True,0.04431324963830683,0.022519999999999984,
2021-05-13 22:46:00,0.44805,0.4685,0.44611,0.4685,78172930.0,,,,,,0.04564222742997438,0.02239000000000002,
2021-05-13 22:47:00,0.4685,0.4899,0.46569,0.48551,100751469.3,,,,,,0.036307363927427894,0.02421000000000001,
2021-05-13 22:48:00,0.48559,0.497,0.47152,0.47341,105285473.9,,,,,,-0.025082888856854595,0.025480000000000003,
2021-05-13 22:49:00,0.47533,0.49,0.46455,0.48668,69045540.1,,,,,,0.023878147813098327,0.025449999999999973,
2021-05-13 22:50:00,0.48796,0.49116,0.47975,0.48025,51810979.4,,,,,,-0.015800475448807267,0.011409999999999976,
2021-05-13 22:51:00,0.48208,0.48225,0.46665,0.47256,52718763.1,,,,,,-0.019747759707932352,0.015600000000000003,
2021-05-13 22:52:00,0.47256,0.48435,0.47228,0.48235,37097060.3,,,,,,0.02071694599627565,0.012070000000000025,
2021-05-13 22:53:00,0.48234,0.491,0.47853,0.48448,43917267.7,,,,,,0.004436704399386389,0.012469999999999981,
2021-05-13 22:54:00,0.48395,0.485,0.47211,0.47358,29038261.1,,,,,,-0.021427833453869182,0.012890000000000013,
2021-05-13 22:55:00,0.47244,0.48,0.47213,0.47596,25929479.9,,,,,,0.007450681568029734,0.007869999999999988,
2021-05-13 22:56:00,0.47596,0.48158,0.47465,0.47902,23231022.8,,,,,,0.006429111690058003,0.006929999999999992,
2021-05-13 22:57:00,0.47869,0.482,0.47662,0.47964,21748452.5,,,,,,0.001984582924230726,0.005379999999999996,
2021-05-13 22:58:00,0.47929,0.481,0.47675,0.48049,20961066.2,,,,,,0.0025037033946044753,0.004249999999999976,
2021-05-13 22:59:00,0.48048,0.4872,0.47992,0.48402,29550201.0,,,,,,0.007367632367632342,0.007280000000000009,
2021-05-20 10:26:00,0.36743,0.36816,0.36659,0.36677,1878657.9,,,,,,,0.0015699999999999603,True
2021-05-20 10:27:00,0.36672,0.367,0.3655,0.36666,1718883.6,,,,,,-0.00016361256544503844,0.0015000000000000013,
2021-05-20 10:28:00,0.36674,0.36807,0.36598,0.36766,3217203.1,,,,,,0.002508589191252594,0.0020899999999999808,
2021-05-20 10:29:00,0.36768,0.36888,0.36721,0.36775,1888356.0,,,,,,0.00019038294168846414,0.0016700000000000048,
2021-05-20 10:30:00,0.36774,0.36783,0.36601,0.36617,1793167.7,,,,,,-0.0042693207157231084,0.0018199999999999883,
2021-05-20 10:31:00,0.3662,0.36626,0.363,0.3634,2542953.3,,,,,,-0.007646095030038298,0.003259999999999985,
2021-05-20 10:32:00,0.36338,0.36558,0.36338,0.36554,1169602.0,,,,,,0.005944190654411347,0.0022000000000000353,
2021-05-20 10:33:00,0.36554,0.36697,0.36501,0.36605,1672572.1,,,,,,0.0013951961481643883,0.0019600000000000173,
2021-05-20 10:34:00,0.36596,0.36758,0.36596,0.36725,1207913.8,,,,,,0.0035249754071483585,0.0016200000000000103,
2021-05-20 10:35:00,0.36747,0.368,0.36548,0.36733,2907945.7,,,,,,-0.00038098348164483897,0.0025199999999999667,
2021-05-20 10:36:00,0.36733,0.36767,0.36603,0.36631,2092617.3,,,,,,-0.0027767947077558747,0.0016399999999999748,
2021-05-20 10:37:00,0.36635,0.367,0.36563,0.36646,1534191.3,,,,,,0.00030025931486283333,0.0013699999999999823,
2021-05-20 10:38:00,0.36649,0.36688,0.365,0.36685,2735386.5,,,,,,0.0009822914677072416,0.0018799999999999928,
2021-05-20 10:39:00,0.36681,0.36748,0.36586,0.36628,2067212.8,,,,,,-0.0014448897249257939,0.0016199999999999548,
2021-05-20 10:40:00,0.36624,0.36624,0.36369,0.36402,2676360.6,,,,,,-0.006061598951507208,0.0025499999999999967,
2021-05-20 10:41:00,0.36396,0.398,0.36392,0.39691,73052000.6,How much is that Doge in the window?,53400.0,8100.0,306900.0,True,0.09053192658533898,0.03408,
2021-05-20 10:42:00,0.39643,0.4155,0.38539,0.41448,87662901.4,,,,,,0.04553136745453172,0.03010999999999997,
2021-05-20 10:43:00,0.41448,0.423,0.4005,0.42126,99292383.1,,,,,,0.01635784597568039,0.022499999999999964,
2021-05-20 10:44:00,0.42014,0.42164,0.40411,0.40828,54955048.9,,,,,,-0.028228685676203256,0.01752999999999999,
2021-05-20 10:45:00,0.40826,0.42499,0.40663,0.41414,62972418.9,,,,,,0.014402586586978877,0.018359999999999987,
2021-05-20 10:46:00,0.41414,0.41755,0.4,0.40216,44194537.0,,,,,,-0.028927415849712635,0.017549999999999955,
2021-05-20 10:47:00,0.40257,0.405,0.39737,0.40039,33113143.2,,,,,,-0.005415207293141466,0.007630000000000026,
2021-05-20 10:48:00,0.40023,0.40068,0.39179,0.397,35836371.7,,,,,,-0.008070359543262512,0.008889999999999953,
2021-05-20 10:49:00,0.397,0.40084,0.39511,0.39701,24557961.7,,,,,,2.518891687645967e-05,0.005729999999999957,
2021-05-20 10:50:00,0.39648,0.40023,0.39507,0.39957,18402048.2,,,,,,0.007793583535108913,0.005159999999999998,
2021-05-20 10:51:00,0.39979,0.40374,0.39836,0.40032,23197126.0,,,,,,0.0013256959903950336,0.005379999999999996,
2021-05-20 10:52:00,0.40032,0.40199,0.39602,0.39899,18368652.1,,,,,,-0.0033223421262989555,0.005970000000000031,
2021-05-20 10:53:00,0.39899,0.39904,0.39282,0.39495,18105659.4,,,,,,-0.010125567056818436,0.006220000000000003,
2021-05-20 10:54:00,0.39493,0.39706,0.39318,0.39513,14084934.5,,,,,,0.0005064188590382548,0.00388000000000005,
2021-05-20 10:55:00,0.39534,0.4,0.39512,0.39977,12646878.1,,,,,,0.011205544594526204,0.0048799999999999955,
2021-05-24 19:34:00,0.33386,0.3345,0.3338,0.33406,565642.6,,,,,,,0.0007000000000000339,True
2021-05-24 19:35:00,0.33407,0.33411,0.33203,0.33229,1314261.4,,,,,,-0.005328224623581896,0.0020800000000000263,
2021-05-24 19:36:00,0.33216,0.3322,0.33073,0.33145,3976696.6,,,,,,-0.0021375240847783853,0.0014699999999999713,
2021-05-24 19:37:00,0.33146,0.33154,0.33075,0.331,1816489.4,,,,,,-0.0013877994328122866,0.0007900000000000129,
2021-05-24 19:38:00,0.331,0.3317,0.33035,0.33102,1470558.3,,,,,,6.042296072496825e-05,0.0013500000000000179,
2021-05-24 19:39:00,0.33112,0.332,0.3311,0.3316,1046173.7,,,,,,0.0014496255134089767,0.0009000000000000119,
2021-05-24 19:40:00,0.3316,0.33272,0.33159,0.33217,822312.7,,,,,,0.0017189384800965469,0.0011300000000000199,
2021-05-24 19:41:00,0.33207,0.33243,0.33183,0.3323,558194.7,,,,,,0.0006926250489354894,0.0005999999999999894,
2021-05-24 19:42:00,0.3323,0.335,0.33169,0.33495,2674145.7,,,,,,0.007974721637075056,0.003310000000000035,
2021-05-24 19:43:00,0.33495,0.33658,0.33442,0.33654,4978547.8,,,,,,0.004746977160770205,0.0021599999999999953,
2021-05-24 19:44:00,0.33654,0.34456,0.33647,0.34173,19368295.5,,,,,,0.015421643786771178,0.008089999999999986,
2021-05-24 19:45:00,0.34173,0.34337,0.33803,0.3424,11537326.3,,,,,,0.0019606121792058173,0.005340000000000011,
2021-05-24 19:46:00,0.34263,0.34336,0.33966,0.34018,9647582.3,,,,,,-0.007150570586346811,0.003699999999999981,
2021-05-24 19:47:00,0.34026,0.34183,0.3387,0.34158,8632955.3,,,,,,0.003879386351613436,0.0031300000000000217,
2021-05-24 19:48:00,0.34158,0.34228,0.34,0.341,8123518.0,,,,,,-0.0016979916856957945,0.0022799999999999487,
2021-05-24 19:49:00,0.341,0.35,0.34052,0.35,26793707.4,"If youd like to help develop Doge, please submit ideas on GitHub & http://reddit.com/r/dogecoin/  @dogecoin_devs reddit.com Dogecoin  r/dogecoin The most amazing place on reddit! A subreddit for sharing, discussing, hoarding and wow'ing about Dogecoins. The much wow innovative...",32400.0,3098.0,191200.0,True,0.026392961876832703,0.009479999999999988,
2021-05-24 19:50:00,0.35,0.36623,0.34614,0.36304,88312185.0,,,,,,0.03725714285714285,0.020089999999999997,
2021-05-24 19:51:00,0.36345,0.37,0.35435,0.36123,63408180.8,,,,,,-0.006108130416838629,0.015649999999999997,
2021-05-24 19:52:00,0.36128,0.365,0.35685,0.3635,34506744.3,,,,,,0.006144818423383525,0.00814999999999999,
2021-05-24 19:53:00,0.3635,0.365,0.358,0.36438,28113978.2,,,,,,0.0024209078404401427,0.007000000000000006,
2021-05-24 19:54:00,0.36438,0.369,0.36293,0.36725,31153612.1,,,,,,0.00787639277677161,0.00607000000000002,
2021-05-24 19:55:00,0.36719,0.371,0.36475,0.36847,36078929.8,,,,,,0.0034859337127917515,0.006249999999999978,
2021-05-24 19:56:00,0.36853,0.36913,0.35891,0.3602,41855702.8,,,,,,-0.02260331587659079,0.010220000000000007,
2021-05-24 19:57:00,0.36019,0.36231,0.35948,0.36183,20887653.5,,,,,,0.00455315250284565,0.002829999999999999,
2021-05-24 19:58:00,0.36183,0.36344,0.36009,0.36229,16111394.2,,,,,,0.0012713152585468756,0.003349999999999964,
2021-05-24 19:59:00,0.36248,0.36652,0.3621,0.36249,25483736.5,,,,,,2.7587728978024963e-05,0.004420000000000035,
2021-05-24 20:00:00,0.36248,0.36397,0.358,0.3582,21022436.1,,,,,,-0.011807548002648438,0.005970000000000031,
2021-05-24 20:01:00,0.3582,0.3607,0.35573,0.35978,23249354.0,,,,,,0.0044109436069234235,0.00497000000000003,
2021-05-24 20:02:00,0.35978,0.36006,0.357,0.35804,11336146.3,,,,,,-0.004836288843181844,0.003060000000000007,
2021-05-24 20:03:00,0.35805,0.35812,0.35483,0.35527,18192436.8,,,,,,-0.007764278732020681,0.003290000000000015,
2021-05-24 20:14:00,0.35768,0.36,0.3576,0.35876,5743778.1,,,,,,,0.0024000000000000132,True
2021-05-24 20:15:00,0.35873,0.359,0.35512,0.35546,7132859.1,,,,,,-0.009115490759066694,0.0038799999999999946,
2021-05-24 20:16:00,0.35539,0.35584,0.35301,0.3537,8820024.8,,,,,,-0.004755339204817157,0.002829999999999999,
2021-05-24 20:17:00,0.3537,0.3541,0.35107,0.35219,10041729.6,,,,,,-0.004269154650834072,0.0030300000000000327,
2021-05-24 20:18:00,0.35229,0.35378,0.35184,0.352,7441041.2,,,,,,-0.0008231854438105324,0.0019399999999999973,
2021-05-24 20:19:00,0.35201,0.35448,0.352,0.35337,7450451.8,,,,,,0.00386352660435791,0.0024800000000000377,
2021-05-24 20:20:00,0.35339,0.35458,0.35287,0.35335,3471345.8,,,,,,-0.00011318939415372392,0.0017099999999999893,
2021-05-24 20:21:00,0.35335,0.3555,0.353,0.3555,4714897.7,,,,,,0.006084618650063635,0.0025000000000000022,
2021-05-24 20:22:00,0.35541,0.35595,0.35301,0.35365,6582747.1,,,,,,-0.004952027236149753,0.002939999999999998,
2021-05-24 20:23:00,0.35365,0.35401,0.35226,0.35282,5841740.7,,,,,,-0.0023469532023186693,0.0017499999999999738,
2021-05-24 20:24:00,0.35281,0.35838,0.35261,0.35653,24926070.1,,,,,,0.010543918823162612,0.005769999999999997,
2021-05-24 20:25:00,0.35653,0.35726,0.35416,0.35445,10507915.9,,,,,,-0.0058340111631560495,0.003100000000000047,
2021-05-24 20:26:00,0.35441,0.35858,0.35413,0.3568,13785284.4,,,,,,0.006743602042831758,0.0044500000000000095,
2021-05-24 20:27:00,0.3568,0.35921,0.356,0.35874,15158287.6,,,,,,0.005437219730941696,0.0032099999999999906,
2021-05-24 20:28:00,0.35872,0.36,0.35816,0.35838,13223355.2,,,,,,-0.0009478144513827135,0.0018400000000000083,
2021-05-24 20:29:00,0.35839,0.37487,0.3577,0.37479,59326595.5,"Someone suggested changing Dogecoin fees based on phases of the moon, which is pretty awesome haha",12000.0,1049.0,130300.0,True,0.045760205362872924,0.017169999999999963,
2021-05-24 20:30:00,0.374,0.375,0.36334,0.36334,48308491.5,,,,,,-0.02850267379679145,0.011660000000000004,
2021-05-24 20:31:00,0.36334,0.36642,0.36054,0.36055,30122642.9,,,,,,-0.007678758187923198,0.005879999999999996,
2021-05-24 20:32:00,0.3606,0.36125,0.3577,0.35962,19287702.2,,,,,,-0.0027176927343316166,0.0035499999999999976,
2021-05-24 20:33:00,0.3595,0.36222,0.35918,0.36167,10125934.5,,,,,,0.006036161335187776,0.003039999999999987,
2021-05-24 20:34:00,0.36108,0.36287,0.36027,0.3604,7243260.5,,,,,,-0.0018832391713748031,0.0026000000000000467,
2021-05-24 20:35:00,0.3604,0.36249,0.35946,0.3616,6501087.2,,,,,,0.0033296337402885096,0.003029999999999977,
2021-05-24 20:36:00,0.36145,0.36397,0.36099,0.36165,6864216.9,,,,,,0.0005533268778531844,0.002980000000000038,
2021-05-24 20:37:00,0.36165,0.36311,0.36087,0.36169,5055780.4,,,,,,0.00011060417530757498,0.0022399999999999642,
2021-05-24 20:38:00,0.36165,0.36179,0.35941,0.36037,7404317.8,,,,,,-0.0035393336098437805,0.0023799999999999932,
2021-05-24 20:39:00,0.36042,0.36197,0.35901,0.3616,5921502.1,,,,,,0.0032739581599244183,0.002960000000000018,
2021-05-24 20:40:00,0.36155,0.3616,0.35901,0.35944,5273825.8,,,,,,-0.005835983957958791,0.002589999999999981,
2021-05-24 20:41:00,0.35939,0.35953,0.35652,0.35667,6230021.4,,,,,,-0.007568379754584157,0.0030100000000000127,
2021-05-24 20:42:00,0.35663,0.35858,0.35654,0.35785,3638213.9,,,,,,0.0034209124302498357,0.0020399999999999863,
2021-05-24 20:43:00,0.35785,0.35914,0.3577,0.35798,2672968.9,,,,,,0.00036328070420572586,0.0014399999999999968,
2021-07-01 08:28:00,0.24007,0.24063,0.24004,0.24034,1016232.6,,,,,,,0.0005900000000000072,True
2021-07-01 08:29:00,0.24027,0.24042,0.2401,0.24027,215139.5,,,,,,0.0,0.00031999999999998696,
2021-07-01 08:30:00,0.24023,0.24023,0.23972,0.23977,679577.8,,,,,,-0.0019148316196977405,0.0005100000000000104,
2021-07-01 08:31:00,0.23978,0.23986,0.23943,0.23956,701337.0,,,,,,-0.0009175077154057802,0.00042999999999998595,
2021-07-01 08:32:00,0.23956,0.23958,0.2394,0.23956,273164.0,,,,,,0.0,0.00017999999999998573,
2021-07-01 08:33:00,0.23955,0.23955,0.23905,0.2391,859935.7,,,,,,-0.0018785222291797367,0.0005000000000000004,
2021-07-01 08:34:00,0.23909,0.23946,0.23873,0.23936,2659066.7,,,,,,0.0011292818603872703,0.0007300000000000084,
2021-07-01 08:35:00,0.2394,0.23971,0.23907,0.23924,619447.2,,,,,,-0.0006683375104427464,0.0006400000000000017,
2021-07-01 08:36:00,0.23919,0.24007,0.2391,0.23991,517155.7,,,,,,0.0030101592875956284,0.0009699999999999986,
2021-07-01 08:37:00,0.23986,0.24031,0.23962,0.23989,775851.3,,,,,,0.00012507295922622465,0.0006899999999999962,
2021-07-01 08:38:00,0.23988,0.23998,0.23947,0.23973,549353.8,,,,,,-0.0006253126563282109,0.0005100000000000104,
2021-07-01 08:39:00,0.23973,0.23999,0.23951,0.23951,393076.2,,,,,,-0.0009176990781295539,0.0004800000000000082,
2021-07-01 08:40:00,0.2395,0.24027,0.23941,0.24017,422866.6,,,,,,0.002797494780793336,0.0008599999999999997,
2021-07-01 08:41:00,0.24015,0.24077,0.24005,0.24077,618867.6,,,,,,0.0025817197584843197,0.0007199999999999984,
2021-07-01 08:42:00,0.24077,0.24086,0.24055,0.24068,425808.1,,,,,,-0.00037380072268142515,0.00030999999999997696,
2021-07-01 08:43:00,0.24067,0.258,0.24012,0.25611,60313750.5,Release the Doge!,16300.0,1570.0,130400.0,True,0.0641542360909129,0.017880000000000007,
2021-07-01 08:44:00,0.25611,0.25964,0.25149,0.25279,37770026.0,,,,,,-0.012963179883643707,0.00814999999999999,
2021-07-01 08:45:00,0.25253,0.261,0.25003,0.26081,57190532.5,,,,,,0.032788183582148696,0.010970000000000035,
2021-07-01 08:46:00,0.2608,0.261,0.25486,0.25561,36662813.2,,,,,,-0.019900306748466153,0.006140000000000034,
2021-07-01 08:47:00,0.25553,0.25772,0.25247,0.25368,22796554.6,,,,,,-0.007239854420224486,0.005249999999999977,
2021-07-01 08:48:00,0.25368,0.25403,0.24904,0.25013,26155762.6,,,,,,-0.013994008199306202,0.004989999999999967,
2021-07-01 08:49:00,0.25023,0.25245,0.25004,0.25084,13511534.4,,,,,,0.0024377572633177452,0.0024100000000000232,
2021-07-01 08:50:00,0.25087,0.25453,0.25058,0.253,15127759.0,,,,,,0.008490453222784793,0.0039499999999999535,
2021-07-01 08:51:00,0.25308,0.25355,0.25026,0.25038,12725825.1,,,,,,-0.010668563300142387,0.003290000000000015,
2021-07-01 08:52:00,0.25043,0.25341,0.24969,0.25252,8167816.0,,,,,,0.008345645489757763,0.003720000000000029,
2021-07-01 08:53:00,0.2525,0.2538,0.25172,0.253,9387260.1,,,,,,0.001980198019801982,0.0020800000000000263,
2021-07-01 08:54:00,0.25299,0.25629,0.25291,0.25372,15804039.3,,,,,,0.0028854895450413395,0.003379999999999994,
2021-07-01 08:55:00,0.25372,0.25772,0.25338,0.25726,14033567.9,,,,,,0.013952388459719326,0.0043400000000000105,
2021-07-01 08:56:00,0.25724,0.2576,0.25468,0.25599,14942787.8,,,,,,-0.0048592753848547224,0.002919999999999978,
2021-07-01 08:57:00,0.25634,0.25665,0.255,0.25539,7995387.4,,,,,,-0.0037060154482328406,0.0016499999999999848,
2021-07-01 09:09:00,0.25364,0.254,0.25222,0.25239,6035264.4,,,,,,,0.0017800000000000038,True
2021-07-01 09:10:00,0.25237,0.25282,0.25126,0.2525,7266679.3,,,,,,0.0005151166937433886,0.0015600000000000058,
2021-07-01 09:11:00,0.25248,0.25248,0.25131,0.25134,4108536.5,,,,,,-0.004515209125475184,0.0011700000000000044,
2021-07-01 09:12:00,0.25134,0.252,0.25094,0.25146,5620477.0,,,,,,0.0004774409166865958,0.0010600000000000054,
2021-07-01 09:13:00,0.25148,0.25249,0.2511,0.2517,6973251.9,,,,,,0.0008748210593287657,0.0013900000000000023,
2021-07-01 09:14:00,0.25171,0.25224,0.25082,0.25088,3946652.3,,,,,,-0.00329744547296491,0.0014200000000000323,
2021-07-01 09:15:00,0.25088,0.25159,0.24942,0.24979,7396122.7,,,,,,-0.0043447066326529815,0.0021699999999999775,
2021-07-01 09:16:00,0.24985,0.25024,0.2483,0.24861,9211411.4,,,,,,-0.0049629777866719675,0.001940000000000025,
2021-07-01 09:17:00,0.24861,0.24933,0.2485,0.24874,4944326.9,,,,,,0.0005229073649490819,0.0008299999999999974,
2021-07-01 09:18:00,0.24871,0.24903,0.2472,0.248,8931121.4,,,,,,-0.002854730408909929,0.0018299999999999983,
2021-07-01 09:19:00,0.24796,0.24868,0.24742,0.24817,4729265.1,,,,,,0.0008469107920631875,0.0012600000000000111,
2021-07-01 09:20:00,0.24816,0.24876,0.24756,0.24819,2924458.3,,,,,,0.00012088974854933207,0.0012000000000000066,
2021-07-01 09:21:00,0.24819,0.24898,0.24792,0.2489,3935377.3,,,,,,0.002860711551633894,0.0010600000000000054,
2021-07-01 09:22:00,0.24888,0.24899,0.24782,0.24808,5080777.3,,,,,,-0.003214400514304063,0.0011699999999999766,
2021-07-01 09:23:00,0.24813,0.24884,0.24761,0.24789,3700216.2,,,,,,-0.0009672349171804709,0.0012300000000000089,
2021-07-01 09:24:00,0.24783,0.2614,0.24645,0.25362,64371166.7,"Baby Doge, doo, doo, doo, doo, doo, Baby Doge, doo, doo, doo, doo, doo, Baby Doge, doo, doo, doo, doo, doo, Baby Doge",46700.0,10300.0,278900.0,True,0.023362789008594672,0.014950000000000019,
2021-07-01 09:25:00,0.2532,0.25709,0.24823,0.25673,47321813.1,,,,,,0.013941548183254476,0.008859999999999979,
2021-07-01 09:26:00,0.25677,0.2575,0.25309,0.25452,42665194.0,,,,,,-0.008762705923589104,0.004410000000000025,
2021-07-01 09:27:00,0.25449,0.255,0.25243,0.25372,19887253.6,,,,,,-0.0030256591614601473,0.0025700000000000167,
2021-07-01 09:28:00,0.25362,0.25499,0.25305,0.2531,12264202.2,,,,,,-0.002050311489630236,0.0019399999999999973,
2021-07-01 09:29:00,0.25311,0.25472,0.25286,0.25432,13799811.3,,,,,,0.004780530204258974,0.0018600000000000283,
2021-07-01 09:30:00,0.25431,0.25463,0.25304,0.25366,10387714.5,,,,,,-0.002555935669065251,0.0015900000000000358,
2021-07-01 09:31:00,0.25367,0.25412,0.25335,0.25412,9125228.1,,,,,,0.0017739582922695074,0.0007699999999999929,
2021-07-01 09:32:00,0.25411,0.25536,0.25372,0.25487,10216942.6,,,,,,0.0029908307425917237,0.0016399999999999748,
2021-07-01 09:33:00,0.25487,0.25755,0.25451,0.25676,15170380.8,,,,,,0.007415545179895644,0.003039999999999987,
2021-07-01 09:34:00,0.25671,0.25724,0.25586,0.25659,13294108.5,,,,,,-0.0004674535468038214,0.0013800000000000479,
2021-07-01 09:35:00,0.25659,0.2572,0.25518,0.25547,11090977.9,,,,,,-0.004364940176936007,0.0020199999999999663,
2021-07-01 09:36:00,0.25546,0.25589,0.25439,0.25538,9271972.5,,,,,,-0.0003131605730839446,0.0015000000000000013,
2021-07-01 09:37:00,0.25537,0.2554,0.2545,0.25487,4940889.9,,,,,,-0.00195794337627756,0.0009000000000000119,
2021-07-01 09:38:00,0.25488,0.25507,0.25337,0.25398,7850802.3,,,,,,-0.0035310734463277304,0.0017000000000000348,
2021-10-31 17:05:00,0.2613,0.2615,0.2606,0.261,1342749.0,,,,,,,0.0009000000000000119,True
2021-10-31 17:06:00,0.2609,0.2614,0.2606,0.2612,884469.0,,,,,,0.0011498658489841585,0.0008000000000000229,
2021-10-31 17:07:00,0.2613,0.2613,0.2606,0.2606,1246139.0,,,,,,-0.002678913126674238,0.0006999999999999784,
2021-10-31 17:08:00,0.2606,0.2607,0.2603,0.2605,834555.0,,,,,,-0.0003837298541826132,0.00040000000000001146,
2021-10-31 17:09:00,0.2605,0.2607,0.2601,0.2606,1345675.0,,,,,,0.00038387715930897885,0.0005999999999999894,
2021-10-31 17:10:00,0.2605,0.2607,0.2603,0.2606,504994.0,,,,,,0.00038387715930897885,0.00040000000000001146,
2021-10-31 17:11:00,0.2607,0.2609,0.2601,0.2606,1643824.0,,,,,,-0.0003835826620636325,0.0008000000000000229,
2021-10-31 17:12:00,0.2607,0.2613,0.2605,0.261,2251388.0,,,,,,0.0011507479861911105,0.0007999999999999674,
2021-10-31 17:13:00,0.261,0.2613,0.2606,0.2607,1234097.0,,,,,,-0.001149425287356408,0.0006999999999999784,
2021-10-31 17:14:00,0.2608,0.2611,0.2606,0.2609,486046.0,,,,,,0.00038343558282225655,0.0005000000000000004,
2021-10-31 17:15:00,0.2609,0.2609,0.2604,0.2608,450568.0,,,,,,-0.00038328861632826557,0.0005000000000000004,
2021-10-31 17:16:00,0.2608,0.2616,0.2607,0.2614,696054.0,,,,,,0.0023006134969326877,0.0009000000000000119,
2021-10-31 17:17:00,0.2615,0.2619,0.2614,0.2617,1891958.0,,,,,,0.0007648183556404511,0.0005000000000000004,
2021-10-31 17:18:00,0.2617,0.2619,0.2616,0.2618,849455.0,,,,,,0.0003821169277798586,0.00030000000000002247,
2021-10-31 17:19:00,0.2618,0.2622,0.2617,0.2621,776620.0,,,,,,0.001145912910618879,0.0005000000000000004,
2021-10-31 17:20:00,0.2622,0.2623,0.2617,0.262,921654.0,Tuition is in Dogecoin & u get a discount if u have a dog,22700.0,3165.0,243300.0,True,-0.0007627765064835163,0.0005999999999999894,
2021-10-31 17:21:00,0.262,0.2622,0.2619,0.262,1207659.0,,,,,,0.0,0.00029999999999996696,
2021-10-31 17:22:00,0.2619,0.2622,0.2617,0.2622,432774.0,,,,,,0.0011454753722793698,0.0005000000000000004,
2021-10-31 17:23:00,0.2621,0.2622,0.262,0.2621,611749.0,,,,,,0.0,0.00019999999999997797,
2021-10-31 17:24:00,0.262,0.2627,0.262,0.2626,1597746.0,,,,,,0.0022900763358778223,0.0006999999999999784,
2021-10-31 17:25:00,0.2626,0.2626,0.262,0.2624,2786575.0,,,,,,-0.0007616146230006777,0.0005999999999999894,
2021-10-31 17:26:00,0.2623,0.2626,0.2621,0.2624,950718.0,,,,,,0.00038124285169670037,0.0005000000000000004,
2021-10-31 17:27:00,0.2625,0.2625,0.2619,0.262,695856.0,,,,,,-0.0019047619047619063,0.0005999999999999894,
2021-10-31 17:28:00,0.262,0.2622,0.262,0.2622,373539.0,,,,,,0.0007633587786258701,0.00019999999999997797,
2021-10-31 17:29:00,0.2621,0.263,0.2618,0.2625,3514395.0,,,,,,0.001526135062953115,0.0012000000000000344,
2021-10-31 17:30:00,0.2626,0.2626,0.2622,0.2623,1154971.0,,,,,,-0.001142421934501228,0.00040000000000001146,
2021-10-31 17:31:00,0.2623,0.2632,0.2623,0.2632,1581679.0,,,,,,0.003431185665268822,0.0009000000000000119,
2021-10-31 17:32:00,0.2631,0.2642,0.2631,0.2641,2856589.0,,,,,,0.0038008361839604746,0.0010999999999999899,
2021-10-31 17:33:00,0.2641,0.2643,0.2632,0.2635,3460926.0,,,,,,-0.0022718667171525535,0.0010999999999999899,
2021-10-31 17:34:00,0.2635,0.2635,0.2625,0.2627,1477914.0,,,,,,-0.003036053130929878,0.0010000000000000009,
